sample_id	library_id	group	outcome	DLCO_pct	DLCO_severity	age	sex	disease_duration_years	FVC_pct	MMT8	steroid_daily_mg	batch	log10_library_size_z	detected_genes_z
ARS-1	230821-IM-U2_BC21	ARS	0	67	轻	39	女	3.6027397260274	80	80		230821	0.510645497276372	0.662306022322104
ARS-11	230905-IM-U1_BC18	ARS	1	50	中	43	女	3.67397260273973	87	80	2.5	230905	0.566304150954837	-1.25120236699271
ARS-12	230905-IM-U3_BC17	ARS	1	42.3	中	60	男	1.85205479452055	74.1		30	230905	-0.0446535139987859	0.558037002305549
ARS-13	230905-IM-U1_BC15	ARS	1	39.9	重	20	女	2.99452054794521	52.3	80	7.5	230905	-1.24957867277417	-2.129468343286
ARS-14	230905-IM-U6_BC14	ARS	1	49	中	56	男	2.16438356164384	96	80	10	230905	-0.194917070491518	0.528818760432778
ARS-15	230905-IM-U5_BC13	ARS	1	57	中	50	女	7.12328767123288	70	80	10	230905	-0.23534643217032	0.645691727923862
ARS-16	230905-IM-U6_BC12	ARS	0	66.3	轻	47	女	3.72054794520548	104.2	80	10	230905	-0.06778714563823	0.398196032060389
ARS-17	230905-IM-U5_BC11	ARS	1	59	中	52	男	3.23835616438356	108	80	10	230905	-0.279089746737718	0.649702074847576
ARS-19	230905-IM-U3_BC20	ARS	1	52	中	44	女	2.65753424657534	69			230905	0.18654867380702	0.573505483297016
ARS-2	230821-IM-U5_BC22	ARS	0	65	轻	44	女	8.84109589041096	90	80	10	230821	-0.0951897452460338	0.661733115618717
ARS-20	230905-IM-U6_BC27	ARS	0	80	轻	66	男	0.704109589041096	102			230905	-0.737862835086066	0.436007874483975
ARS-21	230905-IM-U1_BC29	ARS	1	40	中	45	女	0.238356164383562	64	80		230905	0.107449005750057	-0.521892133580206
ARS-22	230905-IM-U3_BC34	ARS	0	74	轻	46	男	6.54794520547945	75	80		230905	-0.294058119783371	0.53569364087343
ARS-23	230905-IM-U6_BC35	ARS	0	61.4	轻	43	女	4.6958904109589	67.2	80	10	230905	-0.793034471308253	0.0114840072737133
ARS-24	230905-IM-U2_BC36	ARS	0	62	轻	38	女	7.28493150684932	86	80	7.5	230905	1.98607447335869	0.588973964288483
ARS-26	230905-IM-U7_BC38	ARS	0	61	轻	57	女	0.361643835616438	66	77		230905	0.237376789374811	0.670326716169532
ARS-27	230905-IM-U1_BC39	ARS	0	88	轻	51	女	4.64931506849315	101	79		230905	0.12692823181858	-1.73244399783835
ARS-28	230914-IM-U6_BC15	ARS	0	94.2	轻	54	女	2.39178082191781	90.6	80	5	230914	0.30816471517785	0.541995614610694
ARS-29	230914-IM-U3_BC16	ARS	1	52	中	41	女	0.13972602739726	76	76	10	230914	0.61953941005606	0.677774503313571
ARS-30	230914-IM-U2_BC17	ARS	1	45.6	中	54	女	1.41095890410959	78.7	77	30	230914	1.59226174965426	0.658868582101778
ARS-31	230914-IM-U5_BC18	ARS	0	82.6	轻	31	女	2.1972602739726	52.8	80		230914	0.668573706232405	0.606734072093501
ARS-33	230914-IM-U2_BC37	ARS	0	62	轻	36	女	2.76438356164384	63	80	7.5	230914	1.32104786217835	0.447466008551729
ARS-34	230914-IM-U1_BC39	ARS	1	51	中	29	男	0.438356164383562	62	70	30	230914	2.72126436510398	0.247521569069433
ARS-35	230926-IM-U8_BC11	ARS	0	75	轻	33	女	11.7232876712329	73	79		230926	-1.90401776675853	-0.896000210892353
ARS-36	230926-IM-U3_BC12	ARS	0	65	轻	48	女	11.772602739726	69	80	2.5	230926	0.309264184068466	0.669180902762756
ARS-37	230926-IM-U8_BC13	ARS	1	54.4	中	59	女	8.70958904109589	90.7	80		230926	-3.46025266040045	-4.22974431790519
ARS-38	230926-IM-U7_BC14	ARS	0	64	轻	75	女	4.48493150684932	96		1.5	230926	-0.539541058258814	0.375279763924883
ARS-39	230926-IM-U6_BC15	ARS	1	52.9	中	60	男	7.37260273972603	80.7		2	230926	0.417246437052193	0.670899622872919
ARS-4	230821-IM-U4_BC24	ARS	0	65	轻	50	女	1.91232876712329	130		10	230821	0.70782087918868	0.585536524068157
ARS-40	230926-IM-U2_BC16	ARS	1	36	重	58	女	6.75342465753425	84	80	1.5	230926	-0.0209462545840783	-0.318510253877584
ARS-41	230926-IM-U7_BC17	ARS	1	46	中	31	女	11.7753424657534	81.9	80	5	230926	-0.116567083430444	0.618765112864642
ARS-42	230926-IM-U3_BC18	ARS	1	47	中	66	女	7.97808219178082	53.2			230926	-0.443575083438214	0.49387145152613
ARS-43	230926-IM-U6_BC19	ARS	0	72	轻	45	女	2.32602739726027	92	80	5	230926	-0.0386340250528366	0.241219595332168
ARS-44	230926-IM-U3_BC20	ARS	1	59.1	中	56	男	2.74520547945206	95.9	80		230926	0.137944952965373	0.513923186144698
ARS-45	230926-IM-U6_BC21	ARS	1	30	重	42	女	12.213698630137	51		15	230926	0.544976249761423	0.680066130127122
ARS-46	230926-IM-U8_BC22	ARS	0	67	轻	30	女	6.3041095890411	83	80	5	230926	-1.56412314780756	-0.354030469487619
ARS-47	230926-IM-U6_BC23	ARS	0	72	轻	34	女	4.02191780821918	95	80	5	230926	0.446707850796359	0.677201596610184
ARS-48	230926-IM-U2_BC24	ARS	0	68	轻	64	男	1.32876712328767	84	80	10	230926	0.255413060994997	-1.38812706910236
ARS-49	230926-IM-U6_BC25	ARS	1	41.6	中	40	男	4.91232876712329	56.1	80	5	230926	0.538428792994916	0.603296631873175
ARS-5	230821-IM-U2_BC25	ARS	1	41.5	中	52	女	2.67945205479452	50.5	80	8	230821	-0.225494985697797	0.457205422509319
ARS-50	230926-IM-U6_BC27	ARS	0	141.9	轻	26	男		50		40	230926	-0.0347340330216485	0.561474442525875
ARS-6	230821-IM-U1_BC26	ARS	0	70	轻	53	女	5.42739726027397	82	80	7.5	230821	1.00755046494596	-0.0859101323021903
ARS-7	230821-IM-U4_BC27	ARS	0	77	轻	53	男	5.19452054794521	105			230821	-0.0432233230993282	0.65600404858484
ARS-8	230821-IM-U1_BC28	ARS	1	50.4	中	37	女	3.77534246575343	47.4	80	8	230821	-0.411117863306588	-0.986519470027605
ARS-9	230821-IM-U5_BC29	ARS	1	58	中	55	女	5.4	71	80	5	230821	-1.22095850414434	-0.250907262877839
MDA5-1	230821-IM-U4_BC11	MDA5	0	63	轻	53	女	2.38356164383562	68.5	80	1.25	230821	-0.691734508082052	-0.469757623571928
MDA5-11	230905-IM-U1_BC16	MDA5	0	63	轻	35	女	1.69315068493151	56	80	15	230905	-0.230991437947933	-2.46920201839489
MDA5-12	230905-IM-U5_BC21	MDA5	1	37	重	32	女	2.95890410958904	68	68	7.5	230905	-0.842398667627801	0.179918578069688
MDA5-13	230905-IM-U3_BC22	MDA5	0	60	轻	51	女	0.367123287671233	66	80	30	230905	-0.0197066982093782	-0.738450867460744
MDA5-16	230905-IM-U7_BC25	MDA5	0	98	轻	35	女	1.39452054794521	102	80		230905	0.485255108856011	0.657149861991615
MDA5-17	230905-IM-U2_BC26	MDA5	1	35	重	53	女	0.421917808219178	54	80		230905	1.48112216969826	0.566057696152976
MDA5-18	230905-IM-U5_BC28	MDA5	1	42	中	22	女	0.547945205479452	55	80	20	230905	-0.0648310602291058	0.662306022322104
MDA5-2	230821-IM-U2_BC12	MDA5	0	75	轻	42	男	1.74246575342466	88	80	5	230821	0.098793201043453	0.552307935271672
MDA5-20	230905-IM-U2_BC31	MDA5	1	55	中	35	男	1.33698630136986	96	80	30	230905	2.155836572648	0.207418099832296
MDA5-21	230905-IM-U6_BC32	MDA5	0	97	轻	44	男	0.750684931506849	103	80	7.5	230905	-0.205478500782819	0.610744419017214
MDA5-22	230905-IM-U2_BC33	MDA5	0	84	轻	34	女	0.443835616438356	110	80	36	230905	1.37531202197877	0.580953270441056
MDA5-23	230914-IM-U2_BC11	MDA5	1	52.3	中	40	女	0.397260273972603	73.9	80	20	230914	1.4139157787668	0.681211943533897
MDA5-24	230914-IM-U8_BC12	MDA5	0	80	轻	41	男	1.41643835616438	100	80	8	230914	0.535148313997654	0.612463139127377
MDA5-25	230914-IM-U6_BC13	MDA5	0	69	轻	32	女	0.432876712328767	65	72		230914	0.436603735133202	0.678920316720347
MDA5-26	230914-IM-U3_BC14	MDA5	1	35.4	重	54	女	1.93424657534247	62	80	20	230914	0.51592028174717	0.679493223423734
MDA5-27	230914-IM-U5_BC19	MDA5	1	44.2	中	43	女	0.673972602739726	98.3	80	10	230914	0.831233021578109	0.603296631873175
MDA5-29	230914-IM-U5_BC21	MDA5	0	73	轻	46	女	0.257534246575342	104	80	40	230914	0.483448587828093	0.544860148127632
MDA5-3	230821-IM-U2_BC13	MDA5	0	66	轻	32	女	2.30684931506849	63			230821	0.201608422033984	0.61418185923754
MDA5-31	230914-IM-U5_BC23	MDA5	0	71	轻	53	男	2.44109589041096	80	80	7.5	230914	0.64815211831988	0.405070912501041
MDA5-32	230914-IM-U3_BC24	MDA5	1	53	中	36	女	2.16438356164384	75	80	7.5	230914	0.0795707605270124	0.666316369245818
MDA5-35	230914-IM-U2_BC27	MDA5	1	45	中	46	女	1.01095890410959	60	80	20	230914	1.17079745993408	0.682357756940673
MDA5-36	230914-IM-U5_BC28	MDA5	1	43	中	41	女	0.347945205479452	72	74		230914	0.891386878609882	0.58725524417832
MDA5-37	230914-IM-U6_BC29	MDA5	0	61.3	轻	49	女	0.197260273972603	98.8	80	30	230914	0.213856694266109	0.513350279441311
MDA5-38	230914-IM-U8_BC30	MDA5	0	67	轻	35	男	0.336986301369863	88	80		230914	0.581619904339811	0.603296631873175
MDA5-39	230914-IM-U8_BC31	MDA5	1	37	重	59	男	0.16986301369863	69	80		230914	-2.0607005011149	-1.73817306487223
MDA5-4	230821-IM-U5_BC14	MDA5	1	55	中	39	女	2.4027397260274	82	80	5	230821	-0.165387702370958	0.464653209653359
MDA5-40	230914-IM-U5_BC33	MDA5	1	56.7	中	30	男	0.832876712328767	64.8	80	14	230914	0.483941331703037	0.67319124968647
MDA5-42	230914-IM-U6_BC35	MDA5	1	57	中	51	女	0.249315068493151	90	80		230914	0.338891417472091	0.672618342983082
MDA5-43	230914-IM-U8_BC36	MDA5	0	71	轻	49	女	0.515068493150685	115	80	17.5	230914	0.47834848387708	0.674337063093245
MDA5-44	230914-IM-U6_BC38	MDA5	0	85	轻	27	女	0.950684931506849	66	80	60	230914	-2.43105646392981	-2.23602899011611
MDA5-46	230926-IM-U2_BC28	MDA5	1	45	中	66	女		100			230926	0.0980169790865435	0.183928924993401
MDA5-47	230926-IM-U3_BC29	MDA5	0	67.7	轻	48	男		67.5		50	230926	0.350828351018711	0.661160208915329
MDA5-48	230926-IM-U3_BC30	MDA5	0	70.1	轻	36	女		86.4		15	230926	-0.0429501573164056	0.482413317458377
MDA5-49	230926-IM-U7_BC31	MDA5	1	52	中	41	男		69		20	230926	-0.362091323972324	0.603296631873175
MDA5-5	230821-IM-U4_BC15	MDA5	0	73.3	轻	49	女	3.73150684931507	88.4	80	5	230821	0.0106136893646734	0.658868582101778
MDA5-51	230926-IM-U7_BC33	MDA5	0	88	轻	32	男		79			230926	0.23104951133443	0.665170555839043
MDA5-52	230926-IM-U1_BC34	MDA5	0	71	轻	47	男		101		12.5	230926	1.95206182096985	-0.515590159842942
MDA5-53	230926-IM-U2_BC35	MDA5	0	86	轻	67	女		104		1.5	230926	0.686702474516403	0.522516786695513
MDA5-55	230926-IM-U2_BC37	MDA5	1	56	中	39	男		101		15	230926	-0.496783678884798	-0.605536512274805
MDA5-6	230821-IM-U2_BC16	MDA5	0	75	轻	47	男	1.32602739726027	99	80	7.5	230821	0.0838486507012935	0.458924142619482
MDA5-8	230821-IM-U4_BC18	MDA5	0	71	轻	50	女	6.86849315068493	105	80	7.5	230821	-0.417214461116421	0.261844236654124
MDA5-9	230821-IM-U5_BC19	MDA5	0	71.2	轻	56	女	3.25479452054795	99.9	80		230821	0.0498182371999784	0.669180902762756
