sample_id	library_id	group	batch	sex	age	sex_code	split_stratum	analysis_set
MDA5-1	230821-IM-U4_BC11	MDA5	230821	女	53	3	MDA5_230821	discovery
MDA5-2	230821-IM-U2_BC12	MDA5	230821	男	42	4	MDA5_230821	internal_validation
MDA5-3	230821-IM-U2_BC13	MDA5	230821	女	32	3	MDA5_230821	discovery
MDA5-4	230821-IM-U5_BC14	MDA5	230821	女	39	3	MDA5_230821	internal_validation
MDA5-5	230821-IM-U4_BC15	MDA5	230821	女	49	3	MDA5_230821	internal_validation
MDA5-6	230821-IM-U2_BC16	MDA5	230821	男	47	4	MDA5_230821	discovery
MDA5-7	230821-IM-U1_BC17	MDA5	230821	男	15	4	MDA5_230821	discovery
MDA5-8	230821-IM-U4_BC18	MDA5	230821	女	50	3	MDA5_230821	discovery
MDA5-9	230821-IM-U5_BC19	MDA5	230821	女	56	3	MDA5_230821	discovery
MDA5-10	230821-IM-U5_BC20	MDA5	230821	男	43	4	MDA5_230821	discovery
ARS-1	230821-IM-U2_BC21	ARS	230821	女	39	3	ARS_230821	discovery
ARS-2	230821-IM-U5_BC22	ARS	230821	女	44	3	ARS_230821	internal_validation
ARS-3	230821-IM-U4_BC23	ARS	230821	女	47	3	ARS_230821	discovery
ARS-4	230821-IM-U4_BC24	ARS	230821	女	50	3	ARS_230821	discovery
ARS-5	230821-IM-U2_BC25	ARS	230821	女	52	3	ARS_230821	internal_validation
ARS-6	230821-IM-U1_BC26	ARS	230821	女	53	3	ARS_230821	discovery
ARS-7	230821-IM-U4_BC27	ARS	230821	男	53	4	ARS_230821	discovery
ARS-8	230821-IM-U1_BC28	ARS	230821	女	37	3	ARS_230821	discovery
ARS-9	230821-IM-U5_BC29	ARS	230821	女	55	3	ARS_230821	discovery
ARS-10	230821-IM-U1_BC30	ARS	230821	女	38	3	ARS_230821	internal_validation
ARS-11	230905-IM-U1_BC18	ARS	230905	女	43	3	ARS_230905	discovery
ARS-12	230905-IM-U3_BC17	ARS	230905	男	60	4	ARS_230905	internal_validation
MDA5-11	230905-IM-U1_BC16	MDA5	230905	女	35	3	MDA5_230905	internal_validation
ARS-13	230905-IM-U1_BC15	ARS	230905	女	20	3	ARS_230905	discovery
ARS-14	230905-IM-U6_BC14	ARS	230905	男	56	4	ARS_230905	discovery
ARS-15	230905-IM-U5_BC13	ARS	230905	女	50	3	ARS_230905	discovery
ARS-16	230905-IM-U6_BC12	ARS	230905	女	47	3	ARS_230905	discovery
ARS-17	230905-IM-U5_BC11	ARS	230905	男	52	4	ARS_230905	internal_validation
ARS-18	230905-IM-U5_BC19	ARS	230905	女	57	3	ARS_230905	internal_validation
ARS-19	230905-IM-U3_BC20	ARS	230905	女	44	3	ARS_230905	discovery
MDA5-12	230905-IM-U5_BC21	MDA5	230905	女	32	3	MDA5_230905	internal_validation
MDA5-13	230905-IM-U3_BC22	MDA5	230905	女	51	3	MDA5_230905	discovery
MDA5-14	230905-IM-U7_BC23	MDA5	230905	女	50	3	MDA5_230905	discovery
MDA5-15	230905-IM-U7_BC24	MDA5	230905	女	58	3	MDA5_230905	discovery
MDA5-16	230905-IM-U7_BC25	MDA5	230905	女	35	3	MDA5_230905	discovery
MDA5-17	230905-IM-U2_BC26	MDA5	230905	女	53	3	MDA5_230905	discovery
ARS-20	230905-IM-U6_BC27	ARS	230905	男	66	4	ARS_230905	discovery
MDA5-18	230905-IM-U5_BC28	MDA5	230905	女	22	3	MDA5_230905	internal_validation
ARS-21	230905-IM-U1_BC29	ARS	230905	女	45	3	ARS_230905	internal_validation
MDA5-19	230905-IM-U7_BC30	MDA5	230905	男	35	4	MDA5_230905	discovery
MDA5-20	230905-IM-U2_BC31	MDA5	230905	男	35	4	MDA5_230905	internal_validation
MDA5-21	230905-IM-U6_BC32	MDA5	230905	男	44	4	MDA5_230905	discovery
MDA5-22	230905-IM-U2_BC33	MDA5	230905	女	34	3	MDA5_230905	discovery
ARS-22	230905-IM-U3_BC34	ARS	230905	男	46	4	ARS_230905	discovery
ARS-23	230905-IM-U6_BC35	ARS	230905	女	43	3	ARS_230905	discovery
ARS-24	230905-IM-U2_BC36	ARS	230905	女	38	3	ARS_230905	internal_validation
ARS-25	230905-IM-U3_BC37	ARS	230905	男	54	4	ARS_230905	discovery
ARS-26	230905-IM-U7_BC38	ARS	230905	女	57	3	ARS_230905	discovery
ARS-27	230905-IM-U1_BC39	ARS	230905	女	51	3	ARS_230905	discovery
MDA5-23	230914-IM-U2_BC11	MDA5	230914	女	40	3	MDA5_230914	discovery
MDA5-24	230914-IM-U8_BC12	MDA5	230914	男	41	4	MDA5_230914	internal_validation
MDA5-25	230914-IM-U6_BC13	MDA5	230914	女	32	3	MDA5_230914	discovery
MDA5-26	230914-IM-U3_BC14	MDA5	230914	女	54	3	MDA5_230914	internal_validation
ARS-28	230914-IM-U6_BC15	ARS	230914	女	54	3	ARS_230914	discovery
ARS-29	230914-IM-U3_BC16	ARS	230914	女	41	3	ARS_230914	internal_validation
ARS-30	230914-IM-U2_BC17	ARS	230914	女	54	3	ARS_230914	internal_validation
ARS-31	230914-IM-U5_BC18	ARS	230914	女	31	3	ARS_230914	discovery
MDA5-27	230914-IM-U5_BC19	MDA5	230914	女	43	3	MDA5_230914	internal_validation
MDA5-28	230914-IM-U3_BC20	MDA5	230914	男	49	4	MDA5_230914	internal_validation
MDA5-29	230914-IM-U5_BC21	MDA5	230914	女	46	3	MDA5_230914	discovery
MDA5-30	230914-IM-U2_BC22	MDA5	230914	女	52	3	MDA5_230914	discovery
MDA5-31	230914-IM-U5_BC23	MDA5	230914	男	53	4	MDA5_230914	discovery
MDA5-32	230914-IM-U3_BC24	MDA5	230914	女	36	3	MDA5_230914	discovery
MDA5-33	230914-IM-U3_BC25	MDA5	230914	男	22	4	MDA5_230914	discovery
MDA5-34	230914-IM-U2_BC26	MDA5	230914	男	38	4	MDA5_230914	discovery
MDA5-35	230914-IM-U2_BC27	MDA5	230914	女	46	3	MDA5_230914	discovery
MDA5-36	230914-IM-U5_BC28	MDA5	230914	女	41	3	MDA5_230914	discovery
MDA5-37	230914-IM-U6_BC29	MDA5	230914	女	49	3	MDA5_230914	discovery
MDA5-38	230914-IM-U8_BC30	MDA5	230914	男	35	4	MDA5_230914	internal_validation
MDA5-39	230914-IM-U8_BC31	MDA5	230914	男	59	4	MDA5_230914	discovery
ARS-32	230914-IM-U6_BC32	ARS	230914	女	61	3	ARS_230914	discovery
MDA5-40	230914-IM-U5_BC33	MDA5	230914	男	30	4	MDA5_230914	discovery
MDA5-41	230914-IM-U8_BC34	MDA5	230914	女	58	3	MDA5_230914	discovery
MDA5-42	230914-IM-U6_BC35	MDA5	230914	女	51	3	MDA5_230914	discovery
MDA5-43	230914-IM-U8_BC36	MDA5	230914	女	49	3	MDA5_230914	internal_validation
ARS-33	230914-IM-U2_BC37	ARS	230914	女	36	3	ARS_230914	discovery
MDA5-44	230914-IM-U6_BC38	MDA5	230914	女	27	3	MDA5_230914	internal_validation
ARS-34	230914-IM-U1_BC39	ARS	230914	男	29	4	ARS_230914	discovery
ARS-35	230926-IM-U8_BC11	ARS	230926	女	33	3	ARS_230926	discovery
ARS-36	230926-IM-U3_BC12	ARS	230926	女	48	3	ARS_230926	discovery
ARS-37	230926-IM-U8_BC13	ARS	230926	女	59	3	ARS_230926	discovery
ARS-38	230926-IM-U7_BC14	ARS	230926	女	75	3	ARS_230926	discovery
ARS-39	230926-IM-U6_BC15	ARS	230926	男	60	4	ARS_230926	internal_validation
ARS-40	230926-IM-U2_BC16	ARS	230926	女	58	3	ARS_230926	discovery
ARS-41	230926-IM-U7_BC17	ARS	230926	女	31	3	ARS_230926	internal_validation
ARS-42	230926-IM-U3_BC18	ARS	230926	女	66	3	ARS_230926	discovery
ARS-43	230926-IM-U6_BC19	ARS	230926	女	45	3	ARS_230926	internal_validation
ARS-44	230926-IM-U3_BC20	ARS	230926	男	56	4	ARS_230926	discovery
ARS-45	230926-IM-U6_BC21	ARS	230926	女	42	3	ARS_230926	discovery
ARS-46	230926-IM-U8_BC22	ARS	230926	女	30	3	ARS_230926	internal_validation
ARS-47	230926-IM-U6_BC23	ARS	230926	女	34	3	ARS_230926	discovery
ARS-48	230926-IM-U2_BC24	ARS	230926	男	64	4	ARS_230926	internal_validation
ARS-49	230926-IM-U6_BC25	ARS	230926	男	40	4	ARS_230926	discovery
MDA5-45	230926-IM-U7_BC26	MDA5	230926	女	44	3	MDA5_230926	discovery
ARS-50	230926-IM-U6_BC27	ARS	230926	男	26	4	ARS_230926	discovery
MDA5-46	230926-IM-U2_BC28	MDA5	230926	女	66	3	MDA5_230926	internal_validation
MDA5-47	230926-IM-U3_BC29	MDA5	230926	男	48	4	MDA5_230926	discovery
MDA5-48	230926-IM-U3_BC30	MDA5	230926	女	36	3	MDA5_230926	discovery
MDA5-49	230926-IM-U7_BC31	MDA5	230926	男	41	4	MDA5_230926	discovery
MDA5-50	230926-IM-U7_BC32	MDA5	230926	女	15	3	MDA5_230926	discovery
MDA5-51	230926-IM-U7_BC33	MDA5	230926	男	32	4	MDA5_230926	internal_validation
MDA5-52	230926-IM-U1_BC34	MDA5	230926	男	47	4	MDA5_230926	discovery
MDA5-53	230926-IM-U2_BC35	MDA5	230926	女	67	3	MDA5_230926	internal_validation
MDA5-54	230926-IM-U2_BC36	MDA5	230926	女	39	3	MDA5_230926	discovery
MDA5-55	230926-IM-U2_BC37	MDA5	230926	男	39	4	MDA5_230926	discovery
HC-1	231027-IM-U7_BC11	HC	231027	女	24	1	HC_231027	internal_validation
HC-2	231027-IM-U2_BC12	HC	231027	男	24	2	HC_231027	internal_validation
HC-3	231027-IM-U7_BC13	HC	231027	女	23	1	HC_231027	discovery
HC-4	231027-IM-U3_BC14	HC	231027	男	24	2	HC_231027	discovery
HC-5	231027-IM-U8_BC15	HC	231027	女	50	1	HC_231027	discovery
HC-6	231027-IM-U6_BC17	HC	231027	女	49	1	HC_231027	internal_validation
HC-7	231027-IM-U7_BC16	HC	231027	男	29	2	HC_231027	internal_validation
HC-8	231027-IM-U8_BC18	HC	231027	男	23	2	HC_231027	discovery
HC-9	231027-IM-U3_BC19	HC	231027	男	24	2	HC_231027	discovery
HC-10	231027-IM-U1_BC20	HC	231027	女	53	1	HC_231027	internal_validation
HC-11	231027-IM-U3_BC21	HC	231027	女	46	1	HC_231027	discovery
HC-13	231027-IM-U7_BC23	HC	231027	女	52	1	HC_231027	discovery
HC-14	231027-IM-U8_BC24	HC	231027	男	25	2	HC_231027	discovery
HC-15	231027-IM-U2_BC25	HC	231027	男	40	2	HC_231027	discovery
HC-16	231027-IM-U6_BC26	HC	231027	男	32	2	HC_231027	discovery
HC-17	231027-IM-U7_BC27	HC	231027	女	55	1	HC_231027	discovery
HC-18	231027-IM-U6_BC28	HC	231027	男	24	2	HC_231027	discovery
HC-19	231027-IM-U2_BC29	HC	231027	女	60	1	HC_231027	discovery
HC-20	231027-IM-U6_BC30	HC	231027	女	48	1	HC_231027	internal_validation
HC-21	231027-IM-U2_BC31	HC	231027	男	48	2	HC_231027	discovery
HC-22	231027-IM-U3_BC32	HC	231027	男	48	2	HC_231027	discovery
HC-23	231027-IM-U1_BC33	HC	231027	男	49	2	HC_231027	discovery
HC-24	231027-IM-U7_BC34	HC	231027	男	48	2	HC_231027	internal_validation
HC-25	231027-IM-U1_BC35	HC	231027	女	50	1	HC_231027	discovery
HC-26	231027-IM-U2_BC36	HC	231027	女	25	1	HC_231027	discovery
HC-27	231027-IM-U8_BC37	HC	231027	女	25	1	HC_231027	internal_validation
HC-28	231027-IM-U2_BC38	HC	231027	女	29	1	HC_231027	discovery
HC-29	231027-IM-U6_BC39	HC	231027	女	25	1	HC_231027	discovery
HC-30	231027-IM-U3_BC40	HC	231027	男	22	2	HC_231027	internal_validation
HC-31	231107-IM-U3_BC11	HC	231107	女	50	1	HC_231107	internal_validation
HC-32	231107-IM-U6_BC12	HC	231107	女	58	1	HC_231107	discovery
HC-33	231107-IM-U7_BC13	HC	231107	男	26	2	HC_231107	discovery
HC-34	231107-IM-U3_BC14	HC	231107	女	26	1	HC_231107	discovery
HC-35	231107-IM-U7_BC15	HC	231107	男	47	2	HC_231107	discovery
HC-36	231107-IM-U3_BC16	HC	231107	女	55	1	HC_231107	discovery
HC-37	231107-IM-U2_BC17	HC	231107	女	24	1	HC_231107	discovery
HC-38	231107-IM-U1_BC18	HC	231107	男	25	2	HC_231107	internal_validation
HC-39	231107-IM-U6_BC19	HC	231107	女	23	1	HC_231107	discovery
HC-40	231107-IM-U6_BC20	HC	231107	女	27	1	HC_231107	discovery
HC-41	231107-IM-U7_BC21	HC	231107	女	24	1	HC_231107	internal_validation
HC-42	231107-IM-U2_BC22	HC	231107	女	24	1	HC_231107	discovery
HC-43	231107-IM-U2_BC23	HC	231107	女	48	1	HC_231107	discovery
HC-44	231107-IM-U2_BC24	HC	231107	男	25	2	HC_231107	internal_validation
HC-45	231107-IM-U1_BC25	HC	231107	男	25	2	HC_231107	discovery
HC-46	231107-IM-U6_BC26	HC	231107	男	25	2	HC_231107	discovery
HC-47	231107-IM-U2_BC27	HC	231107	女	62	1	HC_231107	internal_validation
HC-48	231107-IM-U3_BC28	HC	231107	男	49	2	HC_231107	discovery
HC-49	231107-IM-U2_BC29	HC	231107	女	25	1	HC_231107	discovery
HC-54	231107-IM-U6_BC34	HC	231107				HC_231107	internal_validation
HC-55	231107-IM-U8_BC35	HC	231107				HC_231107	discovery
