source,norm,body,organ,tissue,type,acc,expression,species
ngs,rpmm,3,adipocyte,adipocyte,mirna,hsa-miR-146b-3p,0.9458036387115224,hsa
ngs,rpmm,3,adipocyte,adipocyte,mirna,hsa-miR-146b-5p,201.06209019609108,hsa
ngs,rpmm,3,adipocyte,adipocyte,mirna,hsa-miR-223-3p,730.974851107519,hsa
ngs,rpmm,3,adipocyte,adipocyte,mirna,hsa-miR-223-5p,2.7323216229443976,hsa
ngs,rpmm,1,kidney,kidney,mirna,hsa-miR-146b-3p,1.8357873730984164,hsa
ngs,rpmm,1,kidney,kidney,mirna,hsa-miR-146b-5p,167.77983991711588,hsa
ngs,rpmm,1,kidney,kidney,mirna,hsa-miR-223-3p,244.54913006486785,hsa
ngs,rpmm,1,kidney,kidney,mirna,hsa-miR-223-5p,0.4450393631753737,hsa
ngs,rpmm,3,nerve,nerve,mirna,hsa-miR-146b-3p,0.8926802274513512,hsa
ngs,rpmm,3,nerve,nerve,mirna,hsa-miR-146b-5p,144.49517281679206,hsa
ngs,rpmm,3,nerve,nerve,mirna,hsa-miR-223-3p,1040.6568531552036,hsa
ngs,rpmm,3,nerve,nerve,mirna,hsa-miR-223-5p,2.3804806065369366,hsa
ngs,rpmm,6,skin,skin,mirna,hsa-miR-146b-3p,0.4895067180333901,hsa
ngs,rpmm,6,skin,skin,mirna,hsa-miR-146b-5p,92.40159165700877,hsa
ngs,rpmm,6,skin,skin,mirna,hsa-miR-223-3p,125.68804848327926,hsa
ngs,rpmm,6,skin,skin,mirna,hsa-miR-223-5p,2.505122615817937,hsa
ngs,rpmm,3,pleurae,pleurae,mirna,hsa-miR-146b-3p,10.778980936329909,hsa
ngs,rpmm,3,pleurae,pleurae,mirna,hsa-miR-146b-5p,2292.643485332642,hsa
ngs,rpmm,3,pleurae,pleurae,mirna,hsa-miR-223-3p,1091.6006189270518,hsa
ngs,rpmm,3,pleurae,pleurae,mirna,hsa-miR-223-5p,3.508253229277187,hsa
ngs,rpmm,3,brain,dura_mater,mirna,hsa-miR-146b-3p,5.5568064274334965,hsa
ngs,rpmm,3,brain,dura_mater,mirna,hsa-miR-146b-5p,1165.3503665138949,hsa
ngs,rpmm,3,brain,dura_mater,mirna,hsa-miR-223-3p,2106.9709529330908,hsa
ngs,rpmm,3,brain,dura_mater,mirna,hsa-miR-223-5p,9.170248858387518,hsa
ngs,rpmm,3,bowel,colon,mirna,hsa-miR-146b-3p,0.34477523585211944,hsa
ngs,rpmm,3,bowel,colon,mirna,hsa-miR-146b-5p,45.083466554758104,hsa
ngs,rpmm,3,bowel,colon,mirna,hsa-miR-223-3p,83.15650331385643,hsa
ngs,rpmm,3,bowel,colon,mirna,hsa-miR-223-5p,0.11492507861737315,hsa
ngs,rpmm,3,nerve,nerve,mirna,hsa-miR-146b-3p,0.6852020678028002,hsa
ngs,rpmm,3,nerve,nerve,mirna,hsa-miR-146b-5p,140.59489928728706,hsa
ngs,rpmm,3,nerve,nerve,mirna,hsa-miR-223-3p,626.189039713284,hsa
ngs,rpmm,3,nerve,nerve,mirna,hsa-miR-223-5p,2.098431332646076,hsa
ngs,rpmm,1,spinal_cord,spinal_cord,mirna,hsa-miR-146b-3p,0.5048490153989047,hsa
ngs,rpmm,1,spinal_cord,spinal_cord,mirna,hsa-miR-146b-5p,86.24009063049525,hsa
ngs,rpmm,1,spinal_cord,spinal_cord,mirna,hsa-miR-223-3p,167.6098731124363,hsa
ngs,rpmm,1,spinal_cord,spinal_cord,mirna,hsa-miR-223-5p,0.6830310208338122,hsa
ngs,rpmm,6,testis,testis,mirna,hsa-miR-146b-3p,0.5373758710997215,hsa
ngs,rpmm,6,testis,testis,mirna,hsa-miR-146b-5p,138.92957520831467,hsa
ngs,rpmm,6,testis,testis,mirna,hsa-miR-223-3p,84.11723635614307,hsa
ngs,rpmm,6,testis,testis,mirna,hsa-miR-223-5p,1.1464018583460724,hsa
ngs,rpmm,3,uterus,uterus,mirna,hsa-miR-146b-3p,1.4235825653148797,hsa
ngs,rpmm,3,uterus,uterus,mirna,hsa-miR-146b-5p,365.56558631506607,hsa
ngs,rpmm,3,uterus,uterus,mirna,hsa-miR-223-3p,502.2468733482862,hsa
ngs,rpmm,3,uterus,uterus,mirna,hsa-miR-223-5p,1.0069242535154026,hsa
ngs,rpmm,6,artery,artery,mirna,hsa-miR-146b-3p,0.10587414831747097,hsa
ngs,rpmm,6,artery,artery,mirna,hsa-miR-146b-5p,31.19758237088144,hsa
ngs,rpmm,6,artery,artery,mirna,hsa-miR-223-3p,65.21847536356212,hsa
ngs,rpmm,6,artery,artery,mirna,hsa-miR-223-5p,0.17645691386245166,hsa
ngs,rpmm,6,heart,muscle,mirna,hsa-miR-146b-3p,0.1870176172777348,hsa
ngs,rpmm,6,heart,muscle,mirna,hsa-miR-146b-5p,34.348902373343954,hsa
ngs,rpmm,6,heart,muscle,mirna,hsa-miR-223-3p,21.38234757542101,hsa
ngs,rpmm,6,heart,muscle,mirna,hsa-miR-223-5p,1.1532753065460308,hsa
ngs,rpmm,3,brain,pituitary_gland,mirna,hsa-miR-146b-3p,1.069464292402879,hsa
ngs,rpmm,3,brain,pituitary_gland,mirna,hsa-miR-146b-5p,230.03430791707504,hsa
ngs,rpmm,3,brain,pituitary_gland,mirna,hsa-miR-223-3p,315.44222373362123,hsa
ngs,rpmm,3,brain,pituitary_gland,mirna,hsa-miR-223-5p,0.6715240905785519,hsa
ngs,rpmm,3,bowel,ileum,mirna,hsa-miR-146b-3p,0.5543931573691916,hsa
ngs,rpmm,3,bowel,ileum,mirna,hsa-miR-146b-5p,382.01384497119767,hsa
ngs,rpmm,3,bowel,ileum,mirna,hsa-miR-223-3p,392.5473149612122,hsa
ngs,rpmm,3,bowel,ileum,mirna,hsa-miR-223-5p,0.6283122450184171,hsa
ngs,rpmm,1,nerve,nerve,mirna,hsa-miR-146b-3p,0.3960071754063216,hsa
ngs,rpmm,1,nerve,nerve,mirna,hsa-miR-146b-5p,116.97442719694423,hsa
ngs,rpmm,1,nerve,nerve,mirna,hsa-miR-223-3p,976.6450808232366,hsa
ngs,rpmm,1,nerve,nerve,mirna,hsa-miR-223-5p,1.766801244120512,hsa
ngs,rpmm,6,brain,arachnoid_mater,mirna,hsa-miR-146b-3p,0.8500375890981067,hsa
ngs,rpmm,6,brain,arachnoid_mater,mirna,hsa-miR-146b-5p,143.3512108589294,hsa
ngs,rpmm,6,brain,arachnoid_mater,mirna,hsa-miR-223-3p,245.37751738632008,hsa
ngs,rpmm,6,brain,arachnoid_mater,mirna,hsa-miR-223-5p,0.8282417534802065,hsa
ngs,rpmm,6,bowel,colon,mirna,hsa-miR-146b-3p,0.9047756487348546,hsa
ngs,rpmm,6,bowel,colon,mirna,hsa-miR-146b-5p,133.24011921895385,hsa
ngs,rpmm,6,bowel,colon,mirna,hsa-miR-223-3p,63.90573266327235,hsa
ngs,rpmm,6,bowel,colon,mirna,hsa-miR-223-5p,0.2857186259162699,hsa
ngs,rpmm,5,vein,vein,mirna,hsa-miR-146b-3p,1.040836967814594,hsa
ngs,rpmm,5,vein,vein,mirna,hsa-miR-146b-5p,555.7444905949243,hsa
ngs,rpmm,5,vein,vein,mirna,hsa-miR-223-3p,1291.7827607546926,hsa
ngs,rpmm,5,vein,vein,mirna,hsa-miR-223-5p,5.120917881647802,hsa
ngs,rpmm,3,bone,bone,mirna,hsa-miR-146b-3p,1.6789413015887509,hsa
ngs,rpmm,3,bone,bone,mirna,hsa-miR-146b-5p,720.8429544539952,hsa
ngs,rpmm,3,bone,bone,mirna,hsa-miR-223-3p,68853.43524507034,hsa
ngs,rpmm,3,bone,bone,mirna,hsa-miR-223-5p,334.5815212572332,hsa
ngs,rpmm,5,sclera,sclera,mirna,hsa-miR-146b-3p,1.015936605001701,hsa
ngs,rpmm,5,sclera,sclera,mirna,hsa-miR-146b-5p,338.63014202170325,hsa
ngs,rpmm,5,sclera,sclera,mirna,hsa-miR-223-3p,1085.0202941418163,hsa
ngs,rpmm,5,sclera,sclera,mirna,hsa-miR-223-5p,4.04065695171131,hsa
ngs,rpmm,5,glandular_breast_tissue,glandular_breast_tissue,mirna,hsa-miR-146b-3p,1.3300682817153784,hsa
ngs,rpmm,5,glandular_breast_tissue,glandular_breast_tissue,mirna,hsa-miR-146b-5p,1113.4444942333341,hsa
ngs,rpmm,5,glandular_breast_tissue,glandular_breast_tissue,mirna,hsa-miR-223-3p,375.8329608033754,hsa
ngs,rpmm,5,glandular_breast_tissue,glandular_breast_tissue,mirna,hsa-miR-223-5p,5.3202731268615135,hsa
ngs,rpmm,5,artery,artery,mirna,hsa-miR-146b-3p,0.7927270778605437,hsa
ngs,rpmm,5,artery,artery,mirna,hsa-miR-146b-5p,183.02747016003516,hsa
ngs,rpmm,5,artery,artery,mirna,hsa-miR-223-3p,831.1082805469583,hsa
ngs,rpmm,5,artery,artery,mirna,hsa-miR-223-5p,1.7968480431505658,hsa
ngs,rpmm,3,spinal_cord,spinal_cord,mirna,hsa-miR-146b-3p,0.9002884145011255,hsa
ngs,rpmm,3,spinal_cord,spinal_cord,mirna,hsa-miR-146b-5p,158.07169214609237,hsa
ngs,rpmm,3,spinal_cord,spinal_cord,mirna,hsa-miR-223-3p,652.0931137033942,hsa
ngs,rpmm,3,spinal_cord,spinal_cord,mirna,hsa-miR-223-5p,1.5636588251861654,hsa
ngs,rpmm,6,bowel,small_intestine,mirna,hsa-miR-146b-3p,0.2918065108841397,hsa
ngs,rpmm,6,bowel,small_intestine,mirna,hsa-miR-146b-5p,144.0551475398036,hsa
ngs,rpmm,6,bowel,small_intestine,mirna,hsa-miR-223-3p,89.58459884143089,hsa
ngs,rpmm,6,bowel,small_intestine,mirna,hsa-miR-223-5p,0.3890753478455196,hsa
ngs,rpmm,6,brain,brain,mirna,hsa-miR-146b-3p,0.7171933044267484,hsa
ngs,rpmm,6,brain,brain,mirna,hsa-miR-146b-5p,273.87004320405066,hsa
ngs,rpmm,6,brain,brain,mirna,hsa-miR-223-3p,141.5152788416598,hsa
ngs,rpmm,6,brain,brain,mirna,hsa-miR-223-5p,1.2387884349189289,hsa
ngs,rpmm,6,bladder,bladder,mirna,hsa-miR-146b-3p,0.10088032058843548,hsa
ngs,rpmm,6,bladder,bladder,mirna,hsa-miR-146b-5p,23.90863597945921,hsa
ngs,rpmm,6,bladder,bladder,mirna,hsa-miR-223-3p,30.768497779472817,hsa
ngs,rpmm,6,bladder,bladder,mirna,hsa-miR-223-5p,0.20176064117687093,hsa
ngs,rpmm,5,heart,pericardium,mirna,hsa-miR-146b-3p,2.8815847033646085,hsa
ngs,rpmm,5,heart,pericardium,mirna,hsa-miR-146b-5p,1311.0042190294091,hsa
ngs,rpmm,5,heart,pericardium,mirna,hsa-miR-223-3p,1912.437675022198,hsa
ngs,rpmm,5,heart,pericardium,mirna,hsa-miR-223-5p,6.11363241119248,hsa
ngs,rpmm,5,adipocyte,adipocyte,mirna,hsa-miR-146b-3p,2.89439178426892,hsa
ngs,rpmm,5,adipocyte,adipocyte,mirna,hsa-miR-146b-5p,924.6978752450811,hsa
ngs,rpmm,5,adipocyte,adipocyte,mirna,hsa-miR-223-3p,1023.4991447976776,hsa
ngs,rpmm,5,adipocyte,adipocyte,mirna,hsa-miR-223-5p,4.763686478275932,hsa
ngs,rpmm,3,lung,lung,mirna,hsa-miR-146b-3p,8.027541517422772,hsa
ngs,rpmm,3,lung,lung,mirna,hsa-miR-146b-5p,2241.668752296995,hsa
ngs,rpmm,3,lung,lung,mirna,hsa-miR-223-3p,3623.413038723943,hsa
ngs,rpmm,3,lung,lung,mirna,hsa-miR-223-5p,8.531114232537853,hsa
ngs,rpmm,5,thyroid,thyroid,mirna,hsa-miR-146b-3p,1.919859312709565,hsa
ngs,rpmm,5,thyroid,thyroid,mirna,hsa-miR-146b-5p,1001.9837174903253,hsa
ngs,rpmm,5,thyroid,thyroid,mirna,hsa-miR-223-3p,5071.354085458332,hsa
ngs,rpmm,5,thyroid,thyroid,mirna,hsa-miR-223-5p,8.73078877922683,hsa
ngs,rpmm,3,skin,skin,mirna,hsa-miR-146b-3p,0.22284544251635885,hsa
ngs,rpmm,3,skin,skin,mirna,hsa-miR-146b-5p,126.5762113492918,hsa
ngs,rpmm,3,skin,skin,mirna,hsa-miR-223-3p,266.0217470039034,hsa
ngs,rpmm,3,skin,skin,mirna,hsa-miR-223-5p,2.8412793920835755,hsa
ngs,rpmm,2,lung,lung,mirna,hsa-miR-146b-3p,27.94939539817459,hsa
ngs,rpmm,2,lung,lung,mirna,hsa-miR-146b-5p,7207.540929636593,hsa
ngs,rpmm,2,lung,lung,mirna,hsa-miR-223-3p,2729.808310631408,hsa
ngs,rpmm,2,lung,lung,mirna,hsa-miR-223-5p,8.287137530687618,hsa
ngs,rpmm,2,brain,occipital_lobe,mirna,hsa-miR-146b-3p,1.5664037719002828,hsa
ngs,rpmm,2,brain,occipital_lobe,mirna,hsa-miR-146b-5p,393.20650684126844,hsa
ngs,rpmm,2,brain,occipital_lobe,mirna,hsa-miR-223-3p,157.85434011325097,hsa
ngs,rpmm,2,brain,occipital_lobe,mirna,hsa-miR-223-5p,0.6265615087601131,hsa
ngs,rpmm,4,gallbladder,gallbladder,mirna,hsa-miR-146b-3p,2.648357444136833,hsa
ngs,rpmm,4,gallbladder,gallbladder,mirna,hsa-miR-146b-5p,1048.5659983523547,hsa
ngs,rpmm,4,gallbladder,gallbladder,mirna,hsa-miR-223-3p,537.1183553039493,hsa
ngs,rpmm,4,gallbladder,gallbladder,mirna,hsa-miR-223-5p,3.0416778566324023,hsa
ngs,rpmm,4,submandibular_gland,submandibular_gland,mirna,hsa-miR-146b-3p,4.176004807754569,hsa
ngs,rpmm,4,submandibular_gland,submandibular_gland,mirna,hsa-miR-146b-5p,809.2065046576997,hsa
ngs,rpmm,4,submandibular_gland,submandibular_gland,mirna,hsa-miR-223-3p,377.5765245842812,hsa
ngs,rpmm,4,submandibular_gland,submandibular_gland,mirna,hsa-miR-223-5p,1.0322708513550618,hsa
ngs,rpmm,4,lymph_node,lymph_node,mirna,hsa-miR-146b-3p,1.1422578425938537,hsa
ngs,rpmm,4,lymph_node,lymph_node,mirna,hsa-miR-146b-5p,389.2814727559854,hsa
ngs,rpmm,4,lymph_node,lymph_node,mirna,hsa-miR-223-3p,374.34074017485773,hsa
ngs,rpmm,4,lymph_node,lymph_node,mirna,hsa-miR-223-5p,2.284515685187708,hsa
ngs,rpmm,4,esophagus,esophagus,mirna,hsa-miR-146b-3p,1.2104819407957157,hsa
ngs,rpmm,4,esophagus,esophagus,mirna,hsa-miR-146b-5p,349.92611944522554,hsa
ngs,rpmm,4,esophagus,esophagus,mirna,hsa-miR-223-3p,282.09071148303354,hsa
ngs,rpmm,4,esophagus,esophagus,mirna,hsa-miR-223-5p,1.5009976065866872,hsa
ngs,rpmm,4,bowel,small_intestine,mirna,hsa-miR-146b-3p,1.5716987746334106,hsa
ngs,rpmm,4,bowel,small_intestine,mirna,hsa-miR-146b-5p,381.45463664347466,hsa
ngs,rpmm,4,bowel,small_intestine,mirna,hsa-miR-223-3p,179.80902789795422,hsa
ngs,rpmm,4,bowel,small_intestine,mirna,hsa-miR-223-5p,0.33440399460285325,hsa
ngs,rpmm,2,brain,frontal_lobe,mirna,hsa-miR-146b-3p,2.0534237084734905,hsa
ngs,rpmm,2,brain,frontal_lobe,mirna,hsa-miR-146b-5p,447.5382935151961,hsa
ngs,rpmm,2,brain,frontal_lobe,mirna,hsa-miR-223-3p,301.366947951491,hsa
ngs,rpmm,2,brain,frontal_lobe,mirna,hsa-miR-223-5p,0.7024870581619838,hsa
ngs,rpmm,4,diaphragm,diaphragm,mirna,hsa-miR-146b-3p,4.07226855381447,hsa
ngs,rpmm,4,diaphragm,diaphragm,mirna,hsa-miR-146b-5p,1120.193245911043,hsa
ngs,rpmm,4,diaphragm,diaphragm,mirna,hsa-miR-223-3p,612.7965689460618,hsa
ngs,rpmm,4,diaphragm,diaphragm,mirna,hsa-miR-223-5p,3.51332973270268,hsa
ngs,rpmm,4,spleen,spleen,mirna,hsa-miR-146b-3p,0.8903590619478275,hsa
ngs,rpmm,4,spleen,spleen,mirna,hsa-miR-146b-5p,478.9446861693198,hsa
ngs,rpmm,4,spleen,spleen,mirna,hsa-miR-223-3p,1367.6600083104745,hsa
ngs,rpmm,4,spleen,spleen,mirna,hsa-miR-223-5p,9.58848220559199,hsa
ngs,rpmm,4,kidney,kidney,mirna,hsa-miR-146b-3p,0.972392985234796,hsa
ngs,rpmm,4,kidney,kidney,mirna,hsa-miR-146b-5p,469.374093972836,hsa
ngs,rpmm,4,kidney,kidney,mirna,hsa-miR-223-3p,559.7094023011485,hsa
ngs,rpmm,4,kidney,kidney,mirna,hsa-miR-223-5p,2.4309824630869903,hsa
ngs,rpmm,2,brain,white_matter,mirna,hsa-miR-146b-3p,2.046328743224181,hsa
ngs,rpmm,2,brain,white_matter,mirna,hsa-miR-146b-5p,302.763639054305,hsa
ngs,rpmm,2,brain,white_matter,mirna,hsa-miR-223-3p,335.10958543867815,hsa
ngs,rpmm,2,brain,white_matter,mirna,hsa-miR-223-5p,1.3719704073889396,hsa
ngs,rpmm,5,esophagus,esophagus,mirna,hsa-miR-146b-3p,0.3438063197727578,hsa
ngs,rpmm,5,esophagus,esophagus,mirna,hsa-miR-146b-5p,116.11277072325407,hsa
ngs,rpmm,5,esophagus,esophagus,mirna,hsa-miR-223-3p,802.0376337898851,hsa
ngs,rpmm,5,esophagus,esophagus,mirna,hsa-miR-223-5p,1.7502867188431306,hsa
ngs,rpmm,5,bladder,bladder,mirna,hsa-miR-146b-3p,0.5937762040861067,hsa
ngs,rpmm,5,bladder,bladder,mirna,hsa-miR-146b-5p,197.25245499740456,hsa
ngs,rpmm,5,bladder,bladder,mirna,hsa-miR-223-3p,1185.1179257354602,hsa
ngs,rpmm,5,bladder,bladder,mirna,hsa-miR-223-5p,1.7813286122583196,hsa
ngs,rpmm,5,kidney,kidney,mirna,hsa-miR-146b-3p,1.0564005802010696,hsa
ngs,rpmm,5,kidney,kidney,mirna,hsa-miR-146b-5p,311.7675263324014,hsa
ngs,rpmm,5,kidney,kidney,mirna,hsa-miR-223-3p,1052.9511089187806,hsa
ngs,rpmm,5,kidney,kidney,mirna,hsa-miR-223-5p,3.320116109203361,hsa
ngs,rpmm,5,salivary_gland,salivary_gland,mirna,hsa-miR-146b-3p,5.728920594710949,hsa
ngs,rpmm,5,salivary_gland,salivary_gland,mirna,hsa-miR-146b-5p,1148.1151969772793,hsa
ngs,rpmm,5,salivary_gland,salivary_gland,mirna,hsa-miR-223-3p,1198.4506786163256,hsa
ngs,rpmm,5,salivary_gland,salivary_gland,mirna,hsa-miR-223-5p,2.173038846269671,hsa
ngs,rpmm,5,bowel,colon,mirna,hsa-miR-146b-3p,2.2081374984087394,hsa
ngs,rpmm,5,bowel,colon,mirna,hsa-miR-146b-5p,817.4314720299782,hsa
ngs,rpmm,5,bowel,colon,mirna,hsa-miR-223-3p,781.154927413263,hsa
ngs,rpmm,5,bowel,colon,mirna,hsa-miR-223-5p,2.2081374984087394,hsa
ngs,rpmm,5,bone,bone,mirna,hsa-miR-146b-3p,1.8767889997248035,hsa
ngs,rpmm,5,bone,bone,mirna,hsa-miR-146b-5p,512.6926581528933,hsa
ngs,rpmm,5,bone,bone,mirna,hsa-miR-223-3p,38500.515392600224,hsa
ngs,rpmm,5,bone,bone,mirna,hsa-miR-223-5p,86.06888500492344,hsa
ngs,rpmm,5,muscle,muscle,mirna,hsa-miR-146b-3p,0.3224483763172469,hsa
ngs,rpmm,5,muscle,muscle,mirna,hsa-miR-146b-5p,76.44713588521397,hsa
ngs,rpmm,5,muscle,muscle,mirna,hsa-miR-223-3p,259.0335289748551,hsa
ngs,rpmm,5,muscle,muscle,mirna,hsa-miR-223-5p,0.5374139605287449,hsa
ngs,rpmm,5,bowel,small_intestine,mirna,hsa-miR-146b-3p,1.064224909035376,hsa
ngs,rpmm,5,bowel,small_intestine,mirna,hsa-miR-146b-5p,217.75919682820918,hsa
ngs,rpmm,5,bowel,small_intestine,mirna,hsa-miR-223-3p,616.9687406469499,hsa
ngs,rpmm,5,bowel,small_intestine,mirna,hsa-miR-223-5p,1.064224909035376,hsa
ngs,rpmm,5,lung,bronchus,mirna,hsa-miR-146b-3p,1.6312228560693571,hsa
ngs,rpmm,5,lung,bronchus,mirna,hsa-miR-146b-5p,507.5142110945787,hsa
ngs,rpmm,5,lung,bronchus,mirna,hsa-miR-223-3p,2862.04846859269,hsa
ngs,rpmm,5,lung,bronchus,mirna,hsa-miR-223-5p,6.626842852781763,hsa
ngs,rpmm,5,lung,lung,mirna,hsa-miR-146b-3p,9.831664977461068,hsa
ngs,rpmm,5,lung,lung,mirna,hsa-miR-146b-5p,2398.447439647702,hsa
ngs,rpmm,5,lung,lung,mirna,hsa-miR-223-3p,1789.2034209469814,hsa
ngs,rpmm,5,lung,lung,mirna,hsa-miR-223-5p,8.554825369998591,hsa
ngs,rpmm,5,nerve,nerve,mirna,hsa-miR-146b-3p,0.8710672824467118,hsa
ngs,rpmm,5,nerve,nerve,mirna,hsa-miR-146b-5p,170.8743652399633,hsa
ngs,rpmm,5,nerve,nerve,mirna,hsa-miR-223-3p,3482.768958355967,hsa
ngs,rpmm,5,nerve,nerve,mirna,hsa-miR-223-5p,6.145863603929577,hsa
ngs,rpmm,5,pancreas,pancreas,mirna,hsa-miR-146b-3p,1.7419033695607982,hsa
ngs,rpmm,5,pancreas,pancreas,mirna,hsa-miR-146b-5p,507.7648322269727,hsa
ngs,rpmm,5,pancreas,pancreas,mirna,hsa-miR-223-3p,1065.173910486428,hsa
ngs,rpmm,5,pancreas,pancreas,mirna,hsa-miR-223-5p,1.9252616189882497,hsa
ngs,rpmm,5,pleurae,pleurae,mirna,hsa-miR-146b-3p,0.40189523073608985,hsa
ngs,rpmm,5,pleurae,pleurae,mirna,hsa-miR-146b-5p,201.51026869107545,hsa
ngs,rpmm,5,pleurae,pleurae,mirna,hsa-miR-223-3p,10434.111152431895,hsa
ngs,rpmm,5,pleurae,pleurae,mirna,hsa-miR-223-5p,35.259608243246284,hsa
ngs,rpmm,5,stomach,stomach,mirna,hsa-miR-146b-3p,0.30174529478503664,hsa
ngs,rpmm,5,stomach,stomach,mirna,hsa-miR-146b-5p,81.47122959195991,hsa
ngs,rpmm,5,stomach,stomach,mirna,hsa-miR-223-3p,664.4179936754184,hsa
ngs,rpmm,5,stomach,stomach,mirna,hsa-miR-223-5p,1.735035445013961,hsa
ngs,rpmm,5,bowel,duodenum,mirna,hsa-miR-146b-3p,0.395682097801779,hsa
ngs,rpmm,5,bowel,duodenum,mirna,hsa-miR-146b-5p,317.30660535258045,hsa
ngs,rpmm,5,bowel,duodenum,mirna,hsa-miR-223-3p,1077.838034412046,hsa
ngs,rpmm,5,bowel,duodenum,mirna,hsa-miR-223-5p,1.8870992356700227,hsa
ngs,rpmm,5,spleen,spleen,mirna,hsa-miR-146b-3p,3.2240358849669257,hsa
ngs,rpmm,5,spleen,spleen,mirna,hsa-miR-146b-5p,750.4108013887303,hsa
ngs,rpmm,5,spleen,spleen,mirna,hsa-miR-223-3p,4870.2351874961105,hsa
ngs,rpmm,5,spleen,spleen,mirna,hsa-miR-223-5p,13.192228468078953,hsa
ngs,rpmm,4,lung,lung,mirna,hsa-miR-146b-3p,9.508246726109007,hsa
ngs,rpmm,4,lung,lung,mirna,hsa-miR-146b-5p,1630.5907202867804,hsa
ngs,rpmm,4,lung,lung,mirna,hsa-miR-223-3p,1370.394457710689,hsa
ngs,rpmm,4,lung,lung,mirna,hsa-miR-223-5p,3.8268485275361326,hsa
ngs,rpmm,4,artery,artery,mirna,hsa-miR-146b-3p,0.7183543779376824,hsa
ngs,rpmm,4,artery,artery,mirna,hsa-miR-146b-5p,128.33772524465974,hsa
ngs,rpmm,4,artery,artery,mirna,hsa-miR-223-3p,335.12470272823816,hsa
ngs,rpmm,4,artery,artery,mirna,hsa-miR-223-5p,0.8174377404118455,hsa
ngs,rpmm,4,liver,liver,mirna,hsa-miR-146b-3p,6.563578716077287,hsa
ngs,rpmm,4,liver,liver,mirna,hsa-miR-146b-5p,1465.9537470357,hsa
ngs,rpmm,4,liver,liver,mirna,hsa-miR-223-3p,842.1023583393468,hsa
ngs,rpmm,4,liver,liver,mirna,hsa-miR-223-5p,2.2277840167707583,hsa
ngs,rpmm,4,skin,skin,mirna,hsa-miR-146b-3p,2.861117414339131,hsa
ngs,rpmm,4,skin,skin,mirna,hsa-miR-146b-5p,688.0740733432651,hsa
ngs,rpmm,4,skin,skin,mirna,hsa-miR-223-3p,1105.84654544737,hsa
ngs,rpmm,4,skin,skin,mirna,hsa-miR-223-5p,3.625726378515968,hsa
ngs,rpmm,4,stomach,stomach,mirna,hsa-miR-146b-3p,1.421961821137652,hsa
ngs,rpmm,4,stomach,stomach,mirna,hsa-miR-146b-5p,383.7942667718196,hsa
ngs,rpmm,4,stomach,stomach,mirna,hsa-miR-223-3p,320.6862469003771,hsa
ngs,rpmm,4,stomach,stomach,mirna,hsa-miR-223-5p,1.5912429903207062,hsa
ngs,rpmm,4,lung,bronchus,mirna,hsa-miR-146b-3p,0.17501423303250138,hsa
ngs,rpmm,4,lung,bronchus,mirna,hsa-miR-146b-5p,49.739045027836895,hsa
ngs,rpmm,4,lung,bronchus,mirna,hsa-miR-223-3p,178.61952623297088,hsa
ngs,rpmm,4,lung,bronchus,mirna,hsa-miR-223-5p,1.155093938014509,hsa
ngs,rpmm,4,bowel,small_intestine,mirna,hsa-miR-146b-3p,4.780557703424829,hsa
ngs,rpmm,4,bowel,small_intestine,mirna,hsa-miR-146b-5p,1020.4263728937746,hsa
ngs,rpmm,4,bowel,small_intestine,mirna,hsa-miR-223-3p,626.2530591486527,hsa
ngs,rpmm,4,bowel,small_intestine,mirna,hsa-miR-223-5p,1.9894246343444943,hsa
ngs,rpmm,4,urethra,urethra,mirna,hsa-miR-146b-3p,1.327000746088709,hsa
ngs,rpmm,4,urethra,urethra,mirna,hsa-miR-146b-5p,248.07929737405757,hsa
ngs,rpmm,4,urethra,urethra,mirna,hsa-miR-223-3p,515.365184494136,hsa
ngs,rpmm,4,urethra,urethra,mirna,hsa-miR-223-5p,1.7111325410091247,hsa
ngs,rpmm,4,adipocyte,adipocyte,mirna,hsa-miR-146b-3p,1.5492224489415012,hsa
ngs,rpmm,4,adipocyte,adipocyte,mirna,hsa-miR-146b-5p,313.9019771545756,hsa
ngs,rpmm,4,adipocyte,adipocyte,mirna,hsa-miR-223-3p,580.8846458554942,hsa
ngs,rpmm,4,adipocyte,adipocyte,mirna,hsa-miR-223-5p,1.217246209882608,hsa
ngs,rpmm,4,pancreas,pancreas,mirna,hsa-miR-146b-3p,2.09968111676284,hsa
ngs,rpmm,4,pancreas,pancreas,mirna,hsa-miR-146b-5p,445.7934074756657,hsa
ngs,rpmm,4,pancreas,pancreas,mirna,hsa-miR-223-3p,378.2536648864611,hsa
ngs,rpmm,4,pancreas,pancreas,mirna,hsa-miR-223-5p,1.4386703948189823,hsa
ngs,rpmm,4,muscle,muscle,mirna,hsa-miR-146b-3p,0.3597345906968606,hsa
ngs,rpmm,4,muscle,muscle,mirna,hsa-miR-146b-5p,130.74553698877398,hsa
ngs,rpmm,4,muscle,muscle,mirna,hsa-miR-223-3p,249.49392537780759,hsa
ngs,rpmm,4,muscle,muscle,mirna,hsa-miR-223-5p,0.39570804976654667,hsa
ngs,rpmm,4,heart,ventricle,mirna,hsa-miR-146b-3p,0.13063169569085226,hsa
ngs,rpmm,4,heart,ventricle,mirna,hsa-miR-146b-5p,35.989032162829794,hsa
ngs,rpmm,4,heart,ventricle,mirna,hsa-miR-223-3p,259.7611268812597,hsa
ngs,rpmm,4,heart,ventricle,mirna,hsa-miR-223-5p,0.4245530109952698,hsa
ngs,rpmm,4,bone,bone,mirna,hsa-miR-146b-3p,3.0567636024854763,hsa
ngs,rpmm,4,bone,bone,mirna,hsa-miR-146b-5p,530.1944620590118,hsa
ngs,rpmm,4,bone,bone,mirna,hsa-miR-223-3p,37003.87690038578,hsa
ngs,rpmm,4,bone,bone,mirna,hsa-miR-223-5p,80.37629565605219,hsa
ngs,rpmm,4,trachea,trachea,mirna,hsa-miR-146b-3p,1.0284712003798402,hsa
ngs,rpmm,4,trachea,trachea,mirna,hsa-miR-146b-5p,227.7742311591227,hsa
ngs,rpmm,4,trachea,trachea,mirna,hsa-miR-223-3p,390.0798424690663,hsa
ngs,rpmm,4,trachea,trachea,mirna,hsa-miR-223-5p,1.4141479005222801,hsa
ngs,rpmm,4,trachea,trachea,mirna,hsa-miR-146b-3p,1.4296454549295226,hsa
ngs,rpmm,4,trachea,trachea,mirna,hsa-miR-146b-5p,443.16091459029633,hsa
ngs,rpmm,4,trachea,trachea,mirna,hsa-miR-223-3p,827.6771890906265,hsa
ngs,rpmm,4,trachea,trachea,mirna,hsa-miR-223-5p,1.8089391470536813,hsa
ngs,rpmm,4,heart,atrium,mirna,hsa-miR-146b-3p,6.704930140173371,hsa
ngs,rpmm,4,heart,atrium,mirna,hsa-miR-146b-5p,921.0960796323883,hsa
ngs,rpmm,4,heart,atrium,mirna,hsa-miR-223-3p,583.7574327679514,hsa
ngs,rpmm,4,heart,atrium,mirna,hsa-miR-223-5p,1.7392487957592575,hsa
ngs,rpmm,2,brain,grey_matter,mirna,hsa-miR-146b-3p,1.20407200480258,hsa
ngs,rpmm,2,brain,grey_matter,mirna,hsa-miR-146b-5p,175.77135747031508,hsa
ngs,rpmm,2,brain,grey_matter,mirna,hsa-miR-223-3p,103.17970871923649,hsa
ngs,rpmm,2,brain,grey_matter,mirna,hsa-miR-223-5p,0.30101800120064504,hsa
ngs,rpmm,2,brain,nucleus_caudatus,mirna,hsa-miR-146b-3p,1.6316309164459502,hsa
ngs,rpmm,2,brain,nucleus_caudatus,mirna,hsa-miR-146b-5p,139.0333386549014,hsa
ngs,rpmm,2,brain,nucleus_caudatus,mirna,hsa-miR-223-3p,437.0472784361842,hsa
ngs,rpmm,2,brain,nucleus_caudatus,mirna,hsa-miR-223-5p,0.6434600797251635,hsa
ngs,rpmm,2,nerve,nerve,mirna,hsa-miR-146b-3p,1.260184995157289,hsa
ngs,rpmm,2,nerve,nerve,mirna,hsa-miR-146b-5p,188.60018650737928,hsa
ngs,rpmm,2,nerve,nerve,mirna,hsa-miR-223-3p,899.9296096666991,hsa
ngs,rpmm,2,nerve,nerve,mirna,hsa-miR-223-5p,1.8902774927359336,hsa
ngs,rpmm,2,brain,pituitary_gland,mirna,hsa-miR-146b-3p,1.5256493216121378,hsa
ngs,rpmm,2,brain,pituitary_gland,mirna,hsa-miR-146b-5p,250.67996612006337,hsa
ngs,rpmm,2,brain,pituitary_gland,mirna,hsa-miR-223-3p,212.24938579462653,hsa
ngs,rpmm,2,brain,pituitary_gland,mirna,hsa-miR-223-5p,0.4734773756727325,hsa
ngs,rpmm,2,liver,liver,mirna,hsa-miR-146b-3p,3.757058359924483,hsa
ngs,rpmm,2,liver,liver,mirna,hsa-miR-146b-5p,1395.3031647239545,hsa
ngs,rpmm,2,liver,liver,mirna,hsa-miR-223-3p,749.4306775769362,hsa
ngs,rpmm,2,liver,liver,mirna,hsa-miR-223-5p,2.151769787956749,hsa
ngs,rpmm,2,brain,white_matter,mirna,hsa-miR-146b-3p,0.41350899295598703,hsa
ngs,rpmm,2,brain,white_matter,mirna,hsa-miR-146b-5p,64.43221944786926,hsa
ngs,rpmm,2,brain,white_matter,mirna,hsa-miR-223-3p,109.42951622680712,hsa
ngs,rpmm,2,brain,white_matter,mirna,hsa-miR-223-5p,0.2631420864265372,hsa
ngs,rpmm,2,kidney,kidney,mirna,hsa-miR-146b-3p,3.408469224254349,hsa
ngs,rpmm,2,kidney,kidney,mirna,hsa-miR-146b-5p,566.5296072943856,hsa
ngs,rpmm,2,kidney,kidney,mirna,hsa-miR-223-3p,898.8320109795668,hsa
ngs,rpmm,2,kidney,kidney,mirna,hsa-miR-223-5p,1.5641605344180918,hsa
ngs,rpmm,2,thyroid,thyroid,mirna,hsa-miR-146b-3p,1.7375927072075683,hsa
ngs,rpmm,2,thyroid,thyroid,mirna,hsa-miR-146b-5p,359.826489784234,hsa
ngs,rpmm,2,thyroid,thyroid,mirna,hsa-miR-223-3p,697.4504060874823,hsa
ngs,rpmm,2,thyroid,thyroid,mirna,hsa-miR-223-5p,1.3997274585838744,hsa
ngs,rpmm,2,pancreas,pancreas,mirna,hsa-miR-146b-3p,0.060300734233800175,hsa
ngs,rpmm,2,pancreas,pancreas,mirna,hsa-miR-146b-5p,39.255777986203924,hsa
ngs,rpmm,2,pancreas,pancreas,mirna,hsa-miR-223-3p,31.41668253580989,hsa
ngs,rpmm,2,pancreas,pancreas,mirna,hsa-miR-223-5p,0.060300734233800175,hsa
ngs,rpmm,2,testis,testis,mirna,hsa-miR-146b-3p,0.8578157363313123,hsa
ngs,rpmm,2,testis,testis,mirna,hsa-miR-146b-5p,171.30207291172684,hsa
ngs,rpmm,2,testis,testis,mirna,hsa-miR-223-3p,161.79150713935798,hsa
ngs,rpmm,2,testis,testis,mirna,hsa-miR-223-5p,0.4475560363467716,hsa
ngs,rpmm,5,skin,skin,mirna,hsa-miR-146b-3p,1.5273099784893267,hsa
ngs,rpmm,5,skin,skin,mirna,hsa-miR-146b-5p,281.3622343489753,hsa
ngs,rpmm,5,skin,skin,mirna,hsa-miR-223-3p,622.091205913776,hsa
ngs,rpmm,5,skin,skin,mirna,hsa-miR-223-5p,1.3487932277568078,hsa
ngs,rpmm,2,brain,hippocampus,mirna,hsa-miR-146b-3p,0.9051121867698998,hsa
ngs,rpmm,2,brain,hippocampus,mirna,hsa-miR-146b-5p,120.7947639259995,hsa
ngs,rpmm,2,brain,hippocampus,mirna,hsa-miR-223-3p,600.1648058440077,hsa
ngs,rpmm,2,brain,hippocampus,mirna,hsa-miR-223-5p,0.9428251945519788,hsa
ngs,rpmm,5,tongue,tongue,mirna,hsa-miR-146b-3p,3.1020729896915697,hsa
ngs,rpmm,5,tongue,tongue,mirna,hsa-miR-146b-5p,843.496433110789,hsa
ngs,rpmm,5,tongue,tongue,mirna,hsa-miR-223-3p,3300.070820861195,hsa
ngs,rpmm,5,tongue,tongue,mirna,hsa-miR-223-5p,7.942376533951694,hsa
ngs,rpmm,5,heart,muscle,mirna,hsa-miR-146b-3p,0.17072041145531228,hsa
ngs,rpmm,5,heart,muscle,mirna,hsa-miR-146b-5p,63.71285755512257,hsa
ngs,rpmm,5,heart,muscle,mirna,hsa-miR-223-3p,1304.74781658837,hsa
ngs,rpmm,5,heart,muscle,mirna,hsa-miR-223-5p,2.1852212666279978,hsa
ngs,rpmm,5,liver,liver,mirna,hsa-miR-146b-3p,3.2964349214806634,hsa
ngs,rpmm,5,liver,liver,mirna,hsa-miR-146b-5p,1445.7719814759375,hsa
ngs,rpmm,5,liver,liver,mirna,hsa-miR-223-3p,4513.358247830732,hsa
ngs,rpmm,5,liver,liver,mirna,hsa-miR-223-5p,6.1808154777762425,hsa
ngs,rpmm,2,brain,substantia_nigra,mirna,hsa-miR-146b-3p,1.1750305659145923,hsa
ngs,rpmm,2,brain,substantia_nigra,mirna,hsa-miR-146b-5p,132.24277824918198,hsa
ngs,rpmm,2,brain,substantia_nigra,mirna,hsa-miR-223-3p,539.9783846215455,hsa
ngs,rpmm,2,brain,substantia_nigra,mirna,hsa-miR-223-5p,1.1923104271780425,hsa
ngs,rpmm,4,lung,lung,mirna,hsa-miR-146b-3p,8.070922519499883,hsa
ngs,rpmm,4,lung,lung,mirna,hsa-miR-146b-5p,1756.1377882135337,hsa
ngs,rpmm,4,lung,lung,mirna,hsa-miR-223-3p,939.1942631882733,hsa
ngs,rpmm,4,lung,lung,mirna,hsa-miR-223-5p,6.943367167510929,hsa
ngs,rpmm,1,brain,dura_mater,mirna,hsa-miR-146b-3p,0.6409837077253885,hsa
ngs,rpmm,1,brain,dura_mater,mirna,hsa-miR-146b-5p,152.73217346856615,hsa
ngs,rpmm,1,brain,dura_mater,mirna,hsa-miR-223-3p,830.6792750061188,hsa
ngs,rpmm,1,brain,dura_mater,mirna,hsa-miR-223-5p,2.1722225650693723,hsa
ngs,rpmm,4,heart,ventricle,mirna,hsa-miR-146b-3p,0.9172026733575293,hsa
ngs,rpmm,4,heart,ventricle,mirna,hsa-miR-146b-5p,147.43377829455602,hsa
ngs,rpmm,4,heart,ventricle,mirna,hsa-miR-223-3p,277.6765579113251,hsa
ngs,rpmm,4,heart,ventricle,mirna,hsa-miR-223-5p,0.9696142546922452,hsa
ngs,rpmm,4,heart,atrium,mirna,hsa-miR-146b-3p,2.6920565286106046,hsa
ngs,rpmm,4,heart,atrium,mirna,hsa-miR-146b-5p,689.6039305102139,hsa
ngs,rpmm,4,heart,atrium,mirna,hsa-miR-223-3p,865.1596668822333,hsa
ngs,rpmm,4,heart,atrium,mirna,hsa-miR-223-5p,2.994912888079297,hsa
ngs,rpmm,1,artery,artery,mirna,hsa-miR-146b-3p,0.2990040995704581,hsa
ngs,rpmm,1,artery,artery,mirna,hsa-miR-146b-5p,115.67721102132099,hsa
ngs,rpmm,1,artery,artery,mirna,hsa-miR-223-3p,1853.1900336252536,hsa
ngs,rpmm,1,artery,artery,mirna,hsa-miR-223-5p,3.1769185579361183,hsa
ngs,rpmm,1,brain,temporal_lobe,mirna,hsa-miR-146b-3p,0.33254016960546273,hsa
ngs,rpmm,1,brain,temporal_lobe,mirna,hsa-miR-146b-5p,158.78793098660842,hsa
ngs,rpmm,1,brain,temporal_lobe,mirna,hsa-miR-223-3p,110.4033363090136,hsa
ngs,rpmm,1,brain,temporal_lobe,mirna,hsa-miR-223-5p,1.3301606784218507,hsa
ngs,rpmm,1,brain,occipital_lobe,mirna,hsa-miR-146b-3p,0.8473697612348066,hsa
ngs,rpmm,1,brain,occipital_lobe,mirna,hsa-miR-146b-5p,235.62932003479298,hsa
ngs,rpmm,1,brain,occipital_lobe,mirna,hsa-miR-223-3p,152.10287214164782,hsa
ngs,rpmm,1,brain,occipital_lobe,mirna,hsa-miR-223-5p,0.3934216748590173,hsa
ngs,rpmm,2,brain,thalamus,mirna,hsa-miR-146b-3p,0.9164368096772672,hsa
ngs,rpmm,2,brain,thalamus,mirna,hsa-miR-146b-5p,116.19655049366352,hsa
ngs,rpmm,2,brain,thalamus,mirna,hsa-miR-223-3p,566.396133247621,hsa
ngs,rpmm,2,brain,thalamus,mirna,hsa-miR-223-5p,1.7565038852147623,hsa
ngs,rpmm,4,bowel,colon,mirna,hsa-miR-146b-3p,1.3952653945322189,hsa
ngs,rpmm,4,bowel,colon,mirna,hsa-miR-146b-5p,278.465598740325,hsa
ngs,rpmm,4,bowel,colon,mirna,hsa-miR-223-3p,232.6421457830564,hsa
ngs,rpmm,4,bowel,colon,mirna,hsa-miR-223-5p,0.8077852284133901,hsa
ngs,rpmm,2,brain,dura_mater,mirna,hsa-miR-146b-3p,11.599933084447553,hsa
ngs,rpmm,2,brain,dura_mater,mirna,hsa-miR-146b-5p,2118.8616232560885,hsa
ngs,rpmm,2,brain,dura_mater,mirna,hsa-miR-223-3p,2216.907826896019,hsa
ngs,rpmm,2,brain,dura_mater,mirna,hsa-miR-223-5p,6.817191443475329,hsa
ngs,rpmm,1,vein,vein,mirna,hsa-miR-146b-3p,0.3558272765600408,hsa
ngs,rpmm,1,vein,vein,mirna,hsa-miR-146b-5p,58.73691686644674,hsa
ngs,rpmm,1,vein,vein,mirna,hsa-miR-223-3p,3698.316215160824,hsa
ngs,rpmm,1,vein,vein,mirna,hsa-miR-223-5p,4.524089659120518,hsa
ngs,rpmm,2,adipocyte,adipocyte,mirna,hsa-miR-146b-3p,2.3107758409792387,hsa
ngs,rpmm,2,adipocyte,adipocyte,mirna,hsa-miR-146b-5p,836.7017914641347,hsa
ngs,rpmm,2,adipocyte,adipocyte,mirna,hsa-miR-223-3p,2583.0957504129005,hsa
ngs,rpmm,2,adipocyte,adipocyte,mirna,hsa-miR-223-5p,7.1834988100006765,hsa
ngs,rpmm,1,brain,cerebellum,mirna,hsa-miR-146b-3p,0.08524485447850892,hsa
ngs,rpmm,1,brain,cerebellum,mirna,hsa-miR-146b-5p,74.02094863883859,hsa
ngs,rpmm,1,brain,cerebellum,mirna,hsa-miR-223-3p,187.45343499824108,hsa
ngs,rpmm,1,brain,cerebellum,mirna,hsa-miR-223-5p,1.022938253742107,hsa
ngs,rpmm,4,liver,liver,mirna,hsa-miR-146b-3p,5.801120783280817,hsa
ngs,rpmm,4,liver,liver,mirna,hsa-miR-146b-5p,1407.2102467489858,hsa
ngs,rpmm,4,liver,liver,mirna,hsa-miR-223-3p,791.8867143642462,hsa
ngs,rpmm,4,liver,liver,mirna,hsa-miR-223-5p,1.7875546599644383,hsa
ngs,rpmm,2,esophagus,esophagus,mirna,hsa-miR-146b-3p,0.4185197062619442,hsa
ngs,rpmm,2,esophagus,esophagus,mirna,hsa-miR-146b-5p,206.713858251212,hsa
ngs,rpmm,2,esophagus,esophagus,mirna,hsa-miR-223-3p,2765.159699272665,hsa
ngs,rpmm,2,esophagus,esophagus,mirna,hsa-miR-223-5p,5.126866401708816,hsa
ngs,rpmm,1,brain,frontal_lobe,mirna,hsa-miR-146b-3p,0.8839442227659657,hsa
ngs,rpmm,1,brain,frontal_lobe,mirna,hsa-miR-146b-5p,188.6336971382571,hsa
ngs,rpmm,1,brain,frontal_lobe,mirna,hsa-miR-223-3p,130.69115333594806,hsa
ngs,rpmm,1,brain,frontal_lobe,mirna,hsa-miR-223-5p,0.4419721113829829,hsa
ngs,rpmm,3,heart,pericardium,mirna,hsa-miR-146b-3p,1.5114288201665715,hsa
ngs,rpmm,3,heart,pericardium,mirna,hsa-miR-146b-5p,411.0179533560975,hsa
ngs,rpmm,3,heart,pericardium,mirna,hsa-miR-223-3p,1933.7824896739185,hsa
ngs,rpmm,3,heart,pericardium,mirna,hsa-miR-223-5p,6.196858162682942,hsa
ngs,rpmm,1,adrenal_gland,adrenal_gland,mirna,hsa-miR-146b-3p,0.3578301100337812,hsa
ngs,rpmm,1,adrenal_gland,adrenal_gland,mirna,hsa-miR-146b-5p,58.17295217406329,hsa
ngs,rpmm,1,adrenal_gland,adrenal_gland,mirna,hsa-miR-223-3p,162.09703984530287,hsa
ngs,rpmm,1,adrenal_gland,adrenal_gland,mirna,hsa-miR-223-5p,0.1533557614430491,hsa
ngs,rpmm,6,stomach,stomach,mirna,hsa-miR-146b-3p,0.3051193814668718,hsa
ngs,rpmm,6,stomach,stomach,mirna,hsa-miR-146b-5p,66.30244159275125,hsa
ngs,rpmm,6,stomach,stomach,mirna,hsa-miR-223-3p,54.61636928257007,hsa
ngs,rpmm,6,stomach,stomach,mirna,hsa-miR-223-5p,0.3966551959069334,hsa
ngs,rpmm,2,bowel,colon,mirna,hsa-miR-146b-3p,0.9456650791576836,hsa
ngs,rpmm,2,bowel,colon,mirna,hsa-miR-146b-5p,259.97909134509985,hsa
ngs,rpmm,2,bowel,colon,mirna,hsa-miR-223-3p,300.9185087303012,hsa
ngs,rpmm,2,bowel,colon,mirna,hsa-miR-223-5p,0.5910406744735521,hsa
ngs,rpmm,3,vein,vein,mirna,hsa-miR-146b-3p,0.8192399444316993,hsa
ngs,rpmm,3,vein,vein,mirna,hsa-miR-146b-5p,229.41200989373738,hsa
ngs,rpmm,3,vein,vein,mirna,hsa-miR-223-3p,994.8551979744217,hsa
ngs,rpmm,3,vein,vein,mirna,hsa-miR-223-5p,1.8122580588943653,hsa
ngs,rpmm,3,heart,atrial_appendage,mirna,hsa-miR-146b-3p,1.4641791085607507,hsa
ngs,rpmm,3,heart,atrial_appendage,mirna,hsa-miR-146b-5p,263.4366464534172,hsa
ngs,rpmm,3,heart,atrial_appendage,mirna,hsa-miR-223-3p,864.4436394884327,hsa
ngs,rpmm,3,heart,atrial_appendage,mirna,hsa-miR-223-5p,3.8145718880924826,hsa
ngs,rpmm,1,brain,thalamus,mirna,hsa-miR-146b-3p,1.053098148935534,hsa
ngs,rpmm,1,brain,thalamus,mirna,hsa-miR-146b-5p,106.40052369066521,hsa
ngs,rpmm,1,brain,thalamus,mirna,hsa-miR-223-3p,269.1041877012052,hsa
ngs,rpmm,1,brain,thalamus,mirna,hsa-miR-223-5p,0.6769916671728433,hsa
ngs,rpmm,3,artery,artery,mirna,hsa-miR-146b-3p,2.759066883579973,hsa
ngs,rpmm,3,artery,artery,mirna,hsa-miR-146b-5p,327.6092025676916,hsa
ngs,rpmm,3,artery,artery,mirna,hsa-miR-223-3p,572.1265068153949,hsa
ngs,rpmm,3,artery,artery,mirna,hsa-miR-223-5p,2.1992562115492538,hsa
ngs,rpmm,1,pleurae,pleurae,mirna,hsa-miR-146b-3p,1.6683369897719027,hsa
ngs,rpmm,1,pleurae,pleurae,mirna,hsa-miR-146b-5p,251.01321680396683,hsa
ngs,rpmm,1,pleurae,pleurae,mirna,hsa-miR-223-3p,554.650548942453,hsa
ngs,rpmm,1,pleurae,pleurae,mirna,hsa-miR-223-5p,1.8113373031809228,hsa
ngs,rpmm,1,brain,pituitary_gland,mirna,hsa-miR-146b-3p,0.5288991929421435,hsa
ngs,rpmm,1,brain,pituitary_gland,mirna,hsa-miR-146b-5p,133.8114958143623,hsa
ngs,rpmm,1,brain,pituitary_gland,mirna,hsa-miR-223-3p,143.71954069547849,hsa
ngs,rpmm,1,brain,pituitary_gland,mirna,hsa-miR-223-5p,0.2115596771768574,hsa
ngs,rpmm,1,kidney,kidney,mirna,hsa-miR-146b-3p,2.4642884811096115,hsa
ngs,rpmm,1,kidney,kidney,mirna,hsa-miR-146b-5p,287.4489834527649,hsa
ngs,rpmm,1,kidney,kidney,mirna,hsa-miR-223-3p,440.6969233717689,hsa
ngs,rpmm,1,kidney,kidney,mirna,hsa-miR-223-5p,0.872768837059654,hsa
ngs,rpmm,1,heart,muscle,mirna,hsa-miR-146b-3p,0.26969872764231256,hsa
ngs,rpmm,1,heart,muscle,mirna,hsa-miR-146b-5p,42.81467301321712,hsa
ngs,rpmm,1,heart,muscle,mirna,hsa-miR-223-3p,186.4966701646592,hsa
ngs,rpmm,1,heart,muscle,mirna,hsa-miR-223-5p,0.8090961829269379,hsa
ngs,rpmm,3,thyroid,thyroid,mirna,hsa-miR-146b-3p,3.0367836618559987,hsa
ngs,rpmm,3,thyroid,thyroid,mirna,hsa-miR-146b-5p,534.4429368982693,hsa
ngs,rpmm,3,thyroid,thyroid,mirna,hsa-miR-223-3p,1103.0032086098397,hsa
ngs,rpmm,3,thyroid,thyroid,mirna,hsa-miR-223-5p,3.5325850760365696,hsa
ngs,rpmm,6,nerve,nerve,mirna,hsa-miR-146b-3p,0.3001206130176334,hsa
ngs,rpmm,6,nerve,nerve,mirna,hsa-miR-146b-5p,95.30193647914486,hsa
ngs,rpmm,6,nerve,nerve,mirna,hsa-miR-223-3p,151.42449111344231,hsa
ngs,rpmm,6,nerve,nerve,mirna,hsa-miR-223-5p,0.3274043051101455,hsa
ngs,rpmm,1,bone,bone,mirna,hsa-miR-146b-3p,2.8301959549848843,hsa
ngs,rpmm,1,bone,bone,mirna,hsa-miR-146b-5p,164.57589478237102,hsa
ngs,rpmm,1,bone,bone,mirna,hsa-miR-223-3p,10182.762026440116,hsa
ngs,rpmm,1,bone,bone,mirna,hsa-miR-223-5p,40.82557665065696,hsa
ngs,rpmm,6,liver,liver,mirna,hsa-miR-146b-3p,0.10035152637933048,hsa
ngs,rpmm,6,liver,liver,mirna,hsa-miR-146b-5p,24.48577243655664,hsa
ngs,rpmm,6,liver,liver,mirna,hsa-miR-223-3p,21.876632750694046,hsa
ngs,rpmm,6,liver,liver,mirna,hsa-miR-223-5p,0.20070305275866093,hsa
ngs,rpmm,1,esophagus,esophagus,mirna,hsa-miR-146b-3p,0.2396440590754957,hsa
ngs,rpmm,1,esophagus,esophagus,mirna,hsa-miR-146b-5p,92.80216187698574,hsa
ngs,rpmm,1,esophagus,esophagus,mirna,hsa-miR-223-3p,113.7710170460916,hsa
ngs,rpmm,1,esophagus,esophagus,mirna,hsa-miR-223-5p,0.35946608861324364,hsa
ngs,rpmm,2,muscle,muscle,mirna,hsa-miR-146b-3p,0.8148406728027394,hsa
ngs,rpmm,2,muscle,muscle,mirna,hsa-miR-146b-5p,100.25086652576205,hsa
ngs,rpmm,2,muscle,muscle,mirna,hsa-miR-223-3p,597.2018218513327,hsa
ngs,rpmm,2,muscle,muscle,mirna,hsa-miR-223-5p,1.1458696961288524,hsa
ngs,rpmm,3,brain,parietal_lobe,mirna,hsa-miR-146b-3p,1.701552395298734,hsa
ngs,rpmm,3,brain,parietal_lobe,mirna,hsa-miR-146b-5p,315.6009790584521,hsa
ngs,rpmm,3,brain,parietal_lobe,mirna,hsa-miR-223-3p,251.87907486349664,hsa
ngs,rpmm,3,brain,parietal_lobe,mirna,hsa-miR-223-5p,0.6904850299762979,hsa
ngs,rpmm,1,stomach,stomach,mirna,hsa-miR-146b-3p,1.3251601870198568,hsa
ngs,rpmm,1,stomach,stomach,mirna,hsa-miR-146b-5p,235.40524179417042,hsa
ngs,rpmm,1,stomach,stomach,mirna,hsa-miR-223-3p,1170.211099437607,hsa
ngs,rpmm,1,stomach,stomach,mirna,hsa-miR-223-5p,4.827369252715196,hsa
ngs,rpmm,2,lung,bronchus,mirna,hsa-miR-146b-3p,3.9353406690302335,hsa
ngs,rpmm,2,lung,bronchus,mirna,hsa-miR-146b-5p,996.0327654506224,hsa
ngs,rpmm,2,lung,bronchus,mirna,hsa-miR-223-3p,2276.486893582847,hsa
ngs,rpmm,2,lung,bronchus,mirna,hsa-miR-223-5p,4.640177803781917,hsa
ngs,rpmm,1,lung,lung,mirna,hsa-miR-146b-3p,0.9711908849462207,hsa
ngs,rpmm,1,lung,lung,mirna,hsa-miR-146b-5p,320.59011112074745,hsa
ngs,rpmm,1,lung,lung,mirna,hsa-miR-223-3p,405.52075400929465,hsa
ngs,rpmm,1,lung,lung,mirna,hsa-miR-223-5p,3.544846730053706,hsa
ngs,rpmm,1,adipocyte,adipocyte,mirna,hsa-miR-146b-3p,6.020626561894503,hsa
ngs,rpmm,1,adipocyte,adipocyte,mirna,hsa-miR-146b-5p,1253.442096911984,hsa
ngs,rpmm,1,adipocyte,adipocyte,mirna,hsa-miR-223-3p,1438.0397426271145,hsa
ngs,rpmm,1,adipocyte,adipocyte,mirna,hsa-miR-223-5p,2.696193634239712,hsa
ngs,rpmm,2,bone,bone,mirna,hsa-miR-146b-3p,0.5272478487063804,hsa
ngs,rpmm,2,bone,bone,mirna,hsa-miR-146b-5p,41.35129556282897,hsa
ngs,rpmm,2,bone,bone,mirna,hsa-miR-223-3p,1799.7981921198514,hsa
ngs,rpmm,2,bone,bone,mirna,hsa-miR-223-5p,3.615413819700895,hsa
ngs,rpmm,1,skin,skin,mirna,hsa-miR-146b-3p,0.4536072298460493,hsa
ngs,rpmm,1,skin,skin,mirna,hsa-miR-146b-5p,218.04899538699595,hsa
ngs,rpmm,1,skin,skin,mirna,hsa-miR-223-3p,377.0836901710208,hsa
ngs,rpmm,1,skin,skin,mirna,hsa-miR-223-5p,0.9072144596920988,hsa
ngs,rpmm,3,brain,temporal_lobe,mirna,hsa-miR-146b-3p,1.7979704332899469,hsa
ngs,rpmm,3,brain,temporal_lobe,mirna,hsa-miR-146b-5p,380.8455076809738,hsa
ngs,rpmm,3,brain,temporal_lobe,mirna,hsa-miR-223-3p,191.61648830849086,hsa
ngs,rpmm,3,brain,temporal_lobe,mirna,hsa-miR-223-5p,0.6779232781257178,hsa
ngs,rpmm,3,brain,nucleus_caudatus,mirna,hsa-miR-146b-3p,0.9552117504980164,hsa
ngs,rpmm,3,brain,nucleus_caudatus,mirna,hsa-miR-146b-5p,195.31270851359443,hsa
ngs,rpmm,3,brain,nucleus_caudatus,mirna,hsa-miR-223-3p,363.8607583710778,hsa
ngs,rpmm,3,brain,nucleus_caudatus,mirna,hsa-miR-223-5p,1.1050488878310387,hsa
ngs,rpmm,1,prostate,prostate,mirna,hsa-miR-146b-3p,0.2207273487056394,hsa
ngs,rpmm,1,prostate,prostate,mirna,hsa-miR-146b-5p,101.18141664666507,hsa
ngs,rpmm,1,prostate,prostate,mirna,hsa-miR-223-3p,334.1370604705968,hsa
ngs,rpmm,1,prostate,prostate,mirna,hsa-miR-223-5p,1.1477822132693247,hsa
ngs,rpmm,3,brain,thalamus,mirna,hsa-miR-146b-3p,1.4099363402462888,hsa
ngs,rpmm,3,brain,thalamus,mirna,hsa-miR-146b-5p,192.03332954154453,hsa
ngs,rpmm,3,brain,thalamus,mirna,hsa-miR-223-3p,565.1024851707126,hsa
ngs,rpmm,3,brain,thalamus,mirna,hsa-miR-223-5p,2.2840968711989884,hsa
ngs,rpmm,1,spleen,spleen,mirna,hsa-miR-146b-3p,0.4462727382045653,hsa
ngs,rpmm,1,spleen,spleen,mirna,hsa-miR-146b-5p,176.11545059509254,hsa
ngs,rpmm,1,spleen,spleen,mirna,hsa-miR-223-3p,1739.9362657617444,hsa
ngs,rpmm,1,spleen,spleen,mirna,hsa-miR-223-5p,7.22150430912842,hsa
ngs,rpmm,2,heart,muscle,mirna,hsa-miR-146b-3p,0.34152911090130184,hsa
ngs,rpmm,2,heart,muscle,mirna,hsa-miR-146b-5p,119.13156350257229,hsa
ngs,rpmm,2,heart,muscle,mirna,hsa-miR-223-3p,1140.9556152182765,hsa
ngs,rpmm,2,heart,muscle,mirna,hsa-miR-223-5p,1.6765974535154815,hsa
ngs,rpmm,2,pleurae,pleurae,mirna,hsa-miR-146b-3p,12.870461849749553,hsa
ngs,rpmm,2,pleurae,pleurae,mirna,hsa-miR-146b-5p,2469.397560400193,hsa
ngs,rpmm,2,pleurae,pleurae,mirna,hsa-miR-223-3p,2638.783375563125,hsa
ngs,rpmm,2,pleurae,pleurae,mirna,hsa-miR-223-5p,6.3787815307969264,hsa
ngs,rpmm,1,brain,white_matter,mirna,hsa-miR-146b-3p,0.2114036274917564,hsa
ngs,rpmm,1,brain,white_matter,mirna,hsa-miR-146b-5p,56.48704926579732,hsa
ngs,rpmm,1,brain,white_matter,mirna,hsa-miR-223-3p,109.80304411921827,hsa
ngs,rpmm,1,brain,white_matter,mirna,hsa-miR-223-5p,0.2114036274917564,hsa
ngs,rpmm,4,bladder,bladder,mirna,hsa-miR-146b-3p,0.7947529298914465,hsa
ngs,rpmm,4,bladder,bladder,mirna,hsa-miR-146b-5p,118.87516948851312,hsa
ngs,rpmm,4,bladder,bladder,mirna,hsa-miR-223-3p,173.91180988349578,hsa
ngs,rpmm,4,bladder,bladder,mirna,hsa-miR-223-5p,0.4172452881930094,hsa
ngs,rpmm,3,brain,frontal_lobe,mirna,hsa-miR-146b-3p,1.1273615233656809,hsa
ngs,rpmm,3,brain,frontal_lobe,mirna,hsa-miR-146b-5p,299.1357564072012,hsa
ngs,rpmm,3,brain,frontal_lobe,mirna,hsa-miR-223-3p,246.5897107693519,hsa
ngs,rpmm,3,brain,frontal_lobe,mirna,hsa-miR-223-5p,0.9898784107601104,hsa
ngs,rpmm,3,brain,occipital_lobe,mirna,hsa-miR-146b-3p,1.6593357781368503,hsa
ngs,rpmm,3,brain,occipital_lobe,mirna,hsa-miR-146b-5p,406.4640596533165,hsa
ngs,rpmm,3,brain,occipital_lobe,mirna,hsa-miR-223-3p,296.4842603582755,hsa
ngs,rpmm,3,brain,occipital_lobe,mirna,hsa-miR-223-5p,0.6588539119072788,hsa
ngs,rpmm,1,kidney,kidney,mirna,hsa-miR-146b-3p,2.4217432062210777,hsa
ngs,rpmm,1,kidney,kidney,mirna,hsa-miR-146b-5p,327.41103239821035,hsa
ngs,rpmm,1,kidney,kidney,mirna,hsa-miR-223-3p,411.5666088143928,hsa
ngs,rpmm,1,kidney,kidney,mirna,hsa-miR-223-5p,1.4703440894913686,hsa
ngs,rpmm,1,brain,nucleus_caudatus,mirna,hsa-miR-146b-3p,0.5094116582470182,hsa
ngs,rpmm,1,brain,nucleus_caudatus,mirna,hsa-miR-146b-5p,128.4180480289983,hsa
ngs,rpmm,1,brain,nucleus_caudatus,mirna,hsa-miR-223-3p,208.21043777078125,hsa
ngs,rpmm,1,brain,nucleus_caudatus,mirna,hsa-miR-223-5p,0.5094116582470182,hsa
ngs,rpmm,1,thyroid,thyroid,mirna,hsa-miR-146b-3p,0.3513339920537497,hsa
ngs,rpmm,1,thyroid,thyroid,mirna,hsa-miR-146b-5p,111.02154148898492,hsa
ngs,rpmm,1,thyroid,thyroid,mirna,hsa-miR-223-3p,901.8003925510167,hsa
ngs,rpmm,1,thyroid,thyroid,mirna,hsa-miR-223-5p,1.2758971290373011,hsa
ngs,rpmm,1,brain,grey_matter,mirna,hsa-miR-146b-3p,0.7198941433774206,hsa
ngs,rpmm,1,brain,grey_matter,mirna,hsa-miR-146b-5p,172.47816741036667,hsa
ngs,rpmm,1,brain,grey_matter,mirna,hsa-miR-223-3p,247.2624648929858,hsa
ngs,rpmm,1,brain,grey_matter,mirna,hsa-miR-223-5p,0.38112042884686975,hsa
ngs,rpmm,4,testis,testis,mirna,hsa-miR-146b-3p,0.7939731614575521,hsa
ngs,rpmm,4,testis,testis,mirna,hsa-miR-146b-5p,324.5696119608352,hsa
ngs,rpmm,4,testis,testis,mirna,hsa-miR-223-3p,168.12381693863668,hsa
ngs,rpmm,4,testis,testis,mirna,hsa-miR-223-5p,1.2571241723077908,hsa
ngs,rpmm,3,esophagus,esophagus,mirna,hsa-miR-146b-3p,0.8948406301621119,hsa
ngs,rpmm,3,esophagus,esophagus,mirna,hsa-miR-146b-5p,396.8618194768966,hsa
ngs,rpmm,3,esophagus,esophagus,mirna,hsa-miR-223-3p,1041.9140794480418,hsa
ngs,rpmm,3,esophagus,esophagus,mirna,hsa-miR-223-5p,5.177292217366505,hsa
ngs,rpmm,4,tongue,tongue,mirna,hsa-miR-146b-3p,1.256456762162342,hsa
ngs,rpmm,4,tongue,tongue,mirna,hsa-miR-146b-5p,539.9284658572084,hsa
ngs,rpmm,4,tongue,tongue,mirna,hsa-miR-223-3p,559.5098612429075,hsa
ngs,rpmm,4,tongue,tongue,mirna,hsa-miR-223-5p,2.686884460624085,hsa
ngs,rpmm,3,pancreas,pancreas,mirna,hsa-miR-146b-3p,0.8082100672666503,hsa
ngs,rpmm,3,pancreas,pancreas,mirna,hsa-miR-146b-5p,225.49060876739543,hsa
ngs,rpmm,3,pancreas,pancreas,mirna,hsa-miR-223-3p,203.60158611225705,hsa
ngs,rpmm,3,pancreas,pancreas,mirna,hsa-miR-223-5p,0.4041050336333252,hsa
ngs,rpmm,1,lymph_node,lymph_node,mirna,hsa-miR-146b-3p,1.3223616436773409,hsa
ngs,rpmm,1,lymph_node,lymph_node,mirna,hsa-miR-146b-5p,583.0375134576126,hsa
ngs,rpmm,1,lymph_node,lymph_node,mirna,hsa-miR-223-3p,414.14713727919707,hsa
ngs,rpmm,1,lymph_node,lymph_node,mirna,hsa-miR-223-5p,2.314132876435346,hsa
ngs,rpmm,1,liver,liver,mirna,hsa-miR-146b-3p,0.5216517238739982,hsa
ngs,rpmm,1,liver,liver,mirna,hsa-miR-146b-5p,87.49522095886606,hsa
ngs,rpmm,1,liver,liver,mirna,hsa-miR-223-3p,279.605323996463,hsa
ngs,rpmm,1,liver,liver,mirna,hsa-miR-223-5p,1.0907263317365417,hsa
ngs,rpmm,3,brain,arachnoid_mater,mirna,hsa-miR-146b-3p,0.540607897362347,hsa
ngs,rpmm,3,brain,arachnoid_mater,mirna,hsa-miR-146b-5p,263.37740999621843,hsa
ngs,rpmm,3,brain,arachnoid_mater,mirna,hsa-miR-223-3p,1297.7630456118989,hsa
ngs,rpmm,3,brain,arachnoid_mater,mirna,hsa-miR-223-5p,2.601675506056295,hsa
ngs,rpmm,4,lymph_node,lymph_node,mirna,hsa-miR-146b-3p,3.1279285372593524,hsa
ngs,rpmm,4,lymph_node,lymph_node,mirna,hsa-miR-146b-5p,717.4062763246069,hsa
ngs,rpmm,4,lymph_node,lymph_node,mirna,hsa-miR-223-3p,913.513795921476,hsa
ngs,rpmm,4,lymph_node,lymph_node,mirna,hsa-miR-223-5p,7.207835324988942,hsa
ngs,rpmm,3,spleen,spleen,mirna,hsa-miR-146b-3p,1.3204977431373073,hsa
ngs,rpmm,3,spleen,spleen,mirna,hsa-miR-146b-5p,599.7700749329648,hsa
ngs,rpmm,3,spleen,spleen,mirna,hsa-miR-223-3p,5040.603985103729,hsa
ngs,rpmm,3,spleen,spleen,mirna,hsa-miR-223-5p,27.026187142876893,hsa
ngs,rpmm,3,adrenal_gland,adrenal_gland,mirna,hsa-miR-146b-3p,1.806225178637633,hsa
ngs,rpmm,3,adrenal_gland,adrenal_gland,mirna,hsa-miR-146b-5p,434.4364212271038,hsa
ngs,rpmm,3,adrenal_gland,adrenal_gland,mirna,hsa-miR-223-3p,1109.8075749785667,hsa
ngs,rpmm,3,adrenal_gland,adrenal_gland,mirna,hsa-miR-223-5p,2.5915404736974743,hsa
ngs,rpmm,2,bladder,bladder,mirna,hsa-miR-146b-3p,0.2977632577069957,hsa
ngs,rpmm,2,bladder,bladder,mirna,hsa-miR-146b-5p,80.22592914791343,hsa
ngs,rpmm,2,bladder,bladder,mirna,hsa-miR-223-3p,178.78556744892902,hsa
ngs,rpmm,2,bladder,bladder,mirna,hsa-miR-223-5p,0.4253760824385654,hsa
ngs,rpmm,1,bowel,colon,mirna,hsa-miR-146b-3p,1.714347492022123,hsa
ngs,rpmm,1,bowel,colon,mirna,hsa-miR-146b-5p,310.83262964726123,hsa
ngs,rpmm,1,bowel,colon,mirna,hsa-miR-223-3p,532.0906028363663,hsa
ngs,rpmm,1,bowel,colon,mirna,hsa-miR-223-5p,1.8214942102735057,hsa
ngs,rpmm,1,muscle,muscle,mirna,hsa-miR-146b-3p,0.17513071464656696,hsa
ngs,rpmm,1,muscle,muscle,mirna,hsa-miR-146b-5p,81.61091302530019,hsa
ngs,rpmm,1,muscle,muscle,mirna,hsa-miR-223-3p,136.0765652803825,hsa
ngs,rpmm,1,muscle,muscle,mirna,hsa-miR-223-5p,0.4670152390575119,hsa
ngs,rpmm,2,pancreas,pancreas,mirna,hsa-miR-146b-3p,0.4157514936911789,hsa
ngs,rpmm,2,pancreas,pancreas,mirna,hsa-miR-146b-5p,63.47139470351999,hsa
ngs,rpmm,2,pancreas,pancreas,mirna,hsa-miR-223-3p,32.01286501422078,hsa
ngs,rpmm,2,pancreas,pancreas,mirna,hsa-miR-223-5p,0.27716766246078595,hsa
ngs,rpmm,2,nerve,nerve,mirna,hsa-miR-146b-3p,1.499693031582598,hsa
ngs,rpmm,2,nerve,nerve,mirna,hsa-miR-146b-5p,240.8569495931301,hsa
ngs,rpmm,2,nerve,nerve,mirna,hsa-miR-223-3p,958.1163855523323,hsa
ngs,rpmm,2,nerve,nerve,mirna,hsa-miR-223-5p,3.280578506586933,hsa
ngs,rpmm,2,artery,artery,mirna,hsa-miR-146b-3p,0.3464321644250196,hsa
ngs,rpmm,2,artery,artery,mirna,hsa-miR-146b-5p,84.25230238816476,hsa
ngs,rpmm,2,artery,artery,mirna,hsa-miR-223-3p,591.2211318077385,hsa
ngs,rpmm,2,artery,artery,mirna,hsa-miR-223-5p,1.870733687895106,hsa
ngs,rpmm,3,brain,hypothalamus,mirna,hsa-miR-146b-3p,0.3602355111701377,hsa
ngs,rpmm,3,brain,hypothalamus,mirna,hsa-miR-146b-5p,113.56424489638592,hsa
ngs,rpmm,3,brain,hypothalamus,mirna,hsa-miR-223-3p,239.46655605034906,hsa
ngs,rpmm,3,brain,hypothalamus,mirna,hsa-miR-223-5p,1.4409420446805508,hsa
ngs,rpmm,1,testis,testis,mirna,hsa-miR-146b-3p,0.6056830636176177,hsa
ngs,rpmm,1,testis,testis,mirna,hsa-miR-146b-5p,305.4156848291837,hsa
ngs,rpmm,1,testis,testis,mirna,hsa-miR-223-3p,231.5223510678344,hsa
ngs,rpmm,1,testis,testis,mirna,hsa-miR-223-5p,0.4542622977132133,hsa
ngs,rpmm,3,bowel,duodenum,mirna,hsa-miR-146b-3p,0.6050540894153774,hsa
ngs,rpmm,3,bowel,duodenum,mirna,hsa-miR-146b-5p,119.31666643271242,hsa
ngs,rpmm,3,bowel,duodenum,mirna,hsa-miR-223-3p,175.46568593045944,hsa
ngs,rpmm,3,bowel,duodenum,mirna,hsa-miR-223-5p,0.7260649072984529,hsa
ngs,rpmm,3,heart,muscle,mirna,hsa-miR-146b-3p,0.23440109543445264,hsa
ngs,rpmm,3,heart,muscle,mirna,hsa-miR-146b-5p,78.83690176445425,hsa
ngs,rpmm,3,heart,muscle,mirna,hsa-miR-223-3p,722.8929783198521,hsa
ngs,rpmm,3,heart,muscle,mirna,hsa-miR-223-5p,1.5626739695630176,hsa
ngs,rpmm,2,vein,vein,mirna,hsa-miR-146b-3p,0.5543523868952305,hsa
ngs,rpmm,2,vein,vein,mirna,hsa-miR-146b-5p,183.84340976307288,hsa
ngs,rpmm,2,vein,vein,mirna,hsa-miR-223-3p,2045.6107033149365,hsa
ngs,rpmm,2,vein,vein,mirna,hsa-miR-223-5p,9.877551621042288,hsa
ngs,rpmm,2,submandibular_gland,submandibular_gland,mirna,hsa-miR-146b-3p,5.483763945897183,hsa
ngs,rpmm,2,submandibular_gland,submandibular_gland,mirna,hsa-miR-146b-5p,1422.2690170078934,hsa
ngs,rpmm,2,submandibular_gland,submandibular_gland,mirna,hsa-miR-223-3p,795.4747979918457,hsa
ngs,rpmm,2,submandibular_gland,submandibular_gland,mirna,hsa-miR-223-5p,2.0838302994409306,hsa
ngs,rpmm,3,bowel,jejunum,mirna,hsa-miR-146b-3p,1.085443435371696,hsa
ngs,rpmm,3,bowel,jejunum,mirna,hsa-miR-146b-5p,407.70925345538393,hsa
ngs,rpmm,3,bowel,jejunum,mirna,hsa-miR-223-3p,788.9503862174735,hsa
ngs,rpmm,3,bowel,jejunum,mirna,hsa-miR-223-5p,2.504869466242375,hsa
ngs,rpmm,3,heart,muscle,mirna,hsa-miR-146b-3p,0.09110133128197427,hsa
ngs,rpmm,3,heart,muscle,mirna,hsa-miR-146b-5p,62.40441192815239,hsa
ngs,rpmm,3,heart,muscle,mirna,hsa-miR-223-3p,355.9784519843145,hsa
ngs,rpmm,3,heart,muscle,mirna,hsa-miR-223-5p,1.5942732974345502,hsa
ngs,rpmm,2,brain,substantia_nigra,mirna,hsa-miR-146b-3p,0.9073803733534506,hsa
ngs,rpmm,2,brain,substantia_nigra,mirna,hsa-miR-146b-5p,108.88564480241408,hsa
ngs,rpmm,2,brain,substantia_nigra,mirna,hsa-miR-223-3p,455.3461558580954,hsa
ngs,rpmm,2,brain,substantia_nigra,mirna,hsa-miR-223-5p,1.6332846720362109,hsa
ngs,rpmm,3,brain,medulla_oblongata,mirna,hsa-miR-146b-3p,0.6892199792269098,hsa
ngs,rpmm,3,brain,medulla_oblongata,mirna,hsa-miR-146b-5p,112.53977660805113,hsa
ngs,rpmm,3,brain,medulla_oblongata,mirna,hsa-miR-223-3p,776.652456591695,hsa
ngs,rpmm,3,brain,medulla_oblongata,mirna,hsa-miR-223-5p,1.903559942626704,hsa
ngs,rpmm,2,gallbladder,gallbladder,mirna,hsa-miR-146b-3p,1.9535007291208908,hsa
ngs,rpmm,2,gallbladder,gallbladder,mirna,hsa-miR-146b-5p,981.6806283053696,hsa
ngs,rpmm,2,gallbladder,gallbladder,mirna,hsa-miR-223-3p,863.7263938041655,hsa
ngs,rpmm,2,gallbladder,gallbladder,mirna,hsa-miR-223-5p,3.4108742889412382,hsa
ngs,rpmm,1,bowel,duodenum,mirna,hsa-miR-146b-3p,0.7428529404319371,hsa
ngs,rpmm,1,bowel,duodenum,mirna,hsa-miR-146b-5p,145.77060392629778,hsa
ngs,rpmm,1,bowel,duodenum,mirna,hsa-miR-223-3p,161.59908581088595,hsa
ngs,rpmm,1,bowel,duodenum,mirna,hsa-miR-223-5p,0.971423075949456,hsa
ngs,rpmm,2,heart,pericardium,mirna,hsa-miR-146b-3p,14.049844974148975,hsa
ngs,rpmm,2,heart,pericardium,mirna,hsa-miR-146b-5p,3925.374421447455,hsa
ngs,rpmm,2,heart,pericardium,mirna,hsa-miR-223-3p,1755.1578503543399,hsa
ngs,rpmm,2,heart,pericardium,mirna,hsa-miR-223-5p,5.813728954820268,hsa
ngs,rpmm,2,stomach,stomach,mirna,hsa-miR-146b-3p,0.05170239573649636,hsa
ngs,rpmm,2,stomach,stomach,mirna,hsa-miR-146b-5p,35.338587485895275,hsa
ngs,rpmm,2,stomach,stomach,mirna,hsa-miR-223-3p,106.42938162357777,hsa
ngs,rpmm,2,stomach,stomach,mirna,hsa-miR-223-5p,0.20680958294598545,hsa
ngs,rpmm,2,brain,temporal_lobe,mirna,hsa-miR-146b-3p,2.336731950513914,hsa
ngs,rpmm,2,brain,temporal_lobe,mirna,hsa-miR-146b-5p,280.7999031808834,hsa
ngs,rpmm,2,brain,temporal_lobe,mirna,hsa-miR-223-3p,385.4039441871103,hsa
ngs,rpmm,2,brain,temporal_lobe,mirna,hsa-miR-223-5p,0.7214071793532888,hsa
ngs,rpmm,3,brain,cerebellum,mirna,hsa-miR-146b-3p,0.4858015538909228,hsa
ngs,rpmm,3,brain,cerebellum,mirna,hsa-miR-146b-5p,50.91807536719235,hsa
ngs,rpmm,3,brain,cerebellum,mirna,hsa-miR-223-3p,75.75467980986578,hsa
ngs,rpmm,3,brain,cerebellum,mirna,hsa-miR-223-5p,0.4858015538909228,hsa
ngs,rpmm,2,skin,skin,mirna,hsa-miR-146b-3p,0.6760960277217402,hsa
ngs,rpmm,2,skin,skin,mirna,hsa-miR-146b-5p,148.0274691806321,hsa
ngs,rpmm,2,skin,skin,mirna,hsa-miR-223-3p,408.362000743931,hsa
ngs,rpmm,2,skin,skin,mirna,hsa-miR-223-5p,1.4273138363014513,hsa
ngs,rpmm,1,pancreas,pancreas,mirna,hsa-miR-146b-3p,1.8908065518968096,hsa
ngs,rpmm,1,pancreas,pancreas,mirna,hsa-miR-146b-5p,522.3668234040254,hsa
ngs,rpmm,1,pancreas,pancreas,mirna,hsa-miR-223-3p,596.5494671234435,hsa
ngs,rpmm,1,pancreas,pancreas,mirna,hsa-miR-223-5p,2.1429140921497183,hsa
ngs,rpmm,3,brain,white_matter,mirna,hsa-miR-146b-3p,0.8952865743616493,hsa
ngs,rpmm,3,brain,white_matter,mirna,hsa-miR-146b-5p,182.59681993375958,hsa
ngs,rpmm,3,brain,white_matter,mirna,hsa-miR-223-3p,674.7545884165658,hsa
ngs,rpmm,3,brain,white_matter,mirna,hsa-miR-223-5p,1.4158020245719103,hsa
ngs,rpmm,3,kidney,cortex,mirna,hsa-miR-146b-3p,1.2227722511720935,hsa
ngs,rpmm,3,kidney,cortex,mirna,hsa-miR-146b-5p,466.8863439040577,hsa
ngs,rpmm,3,kidney,cortex,mirna,hsa-miR-223-3p,1152.4894287351585,hsa
ngs,rpmm,3,kidney,cortex,mirna,hsa-miR-223-5p,3.0835126333904967,hsa
ngs,rpmm,3,brain,grey_matter,mirna,hsa-miR-146b-3p,2.063679814679436,hsa
ngs,rpmm,3,brain,grey_matter,mirna,hsa-miR-146b-5p,405.6718281856383,hsa
ngs,rpmm,3,brain,grey_matter,mirna,hsa-miR-223-3p,382.1247123514756,hsa
ngs,rpmm,3,brain,grey_matter,mirna,hsa-miR-223-5p,1.5345311442488114,hsa
ngs,rpmm,1,bowel,jejunum,mirna,hsa-miR-146b-3p,1.006079836267693,hsa
ngs,rpmm,1,bowel,jejunum,mirna,hsa-miR-146b-5p,463.0362675012977,hsa
ngs,rpmm,1,bowel,jejunum,mirna,hsa-miR-223-3p,524.9341317135767,hsa
ngs,rpmm,1,bowel,jejunum,mirna,hsa-miR-223-5p,1.3893483453220523,hsa
ngs,rpmm,3,stomach,stomach,mirna,hsa-miR-146b-3p,0.1366079348172507,hsa
ngs,rpmm,3,stomach,stomach,mirna,hsa-miR-146b-5p,112.24618644150765,hsa
ngs,rpmm,3,stomach,stomach,mirna,hsa-miR-223-3p,485.732280231871,hsa
ngs,rpmm,3,stomach,stomach,mirna,hsa-miR-223-5p,1.0017915219931717,hsa
ngs,rpmm,3,liver,liver,mirna,hsa-miR-146b-3p,7.1780080357381015,hsa
ngs,rpmm,3,liver,liver,mirna,hsa-miR-146b-5p,1901.2783697151744,hsa
ngs,rpmm,3,liver,liver,mirna,hsa-miR-223-3p,2111.9822320560625,hsa
ngs,rpmm,3,liver,liver,mirna,hsa-miR-223-5p,3.658828998761445,hsa
