candidate_id	seed	balance_score
1197	20262026	0.16252097965805
1826	20262655	0.182454654835316
1664	20262493	0.185814428366347
470	20261299	0.206355141301781
1688	20262517	0.220868493015339
1509	20262338	0.227689605916648
1907	20262736	0.237735113378538
195	20261024	0.240669430223174
1453	20262282	0.247429536932692
979	20261808	0.24972196611115
553	20261382	0.251391859547926
299	20261128	0.256360687044548
1686	20262515	0.258936213416511
97	20260926	0.262635768379482
372	20261201	0.262701790417676
758	20261587	0.273037592033635
1652	20262481	0.287938891956494
1460	20262289	0.300429896107516
1636	20262465	0.301598806299337
890	20261719	0.304551622580333
283	20261112	0.305246859590882
954	20261783	0.306215179670199
1487	20262316	0.307539122048732
1135	20261964	0.31079737945803
1254	20262083	0.310806883978396
175	20261004	0.311187175340277
68	20260897	0.312873887261078
1470	20262299	0.314750197552898
52	20260881	0.318125811951205
849	20261678	0.321665846053497
32	20260861	0.323370079793913
1275	20262104	0.328490127128263
1164	20261993	0.32930237824406
805	20261634	0.329883259718445
1130	20261959	0.331119002844597
1956	20262785	0.331439775235805
1158	20261987	0.331480961490725
2000	20262829	0.336691699925932
599	20261428	0.337526128255917
616	20261445	0.338729378751376
1290	20262119	0.338757892312474
1927	20262756	0.340701035538627
602	20261431	0.340749369036598
735	20261564	0.340821727421701
124	20260953	0.341550150955988
347	20261176	0.343658340493589
1644	20262473	0.343790894174345
999	20261828	0.345479287047482
1517	20262346	0.347017303128481
507	20261336	0.349045477433559
1685	20262514	0.350522487322765
432	20261261	0.350865270207551
1747	20262576	0.351821084313655
1205	20262034	0.351979794278193
1694	20262523	0.355811920489987
144	20260973	0.355948453240337
1291	20262120	0.356022826018996
1618	20262447	0.357154871909253
305	20261134	0.357749236973599
1687	20262516	0.358689719816795
1798	20262627	0.359371774529151
690	20261519	0.361825915124995
154	20260983	0.363391935162722
1303	20262132	0.365706541555368
1324	20262153	0.366527319574782
1020	20261849	0.371386280209208
321	20261150	0.372329931225859
959	20261788	0.372888125881687
1473	20262302	0.373364273343369
1159	20261988	0.373803772941609
1017	20261846	0.374441982829961
980	20261809	0.375244729425392
1114	20261943	0.376378789709203
127	20260956	0.377571841791251
1493	20262322	0.378276583322165
1153	20261982	0.378512324634448
1802	20262631	0.378650538337136
1128	20261957	0.380401307620089
677	20261506	0.381278426994178
1262	20262091	0.38334461938072
593	20261422	0.384653230496347
831	20261660	0.386770924554314
99	20260928	0.388162393760225
788	20261617	0.389316616864669
576	20261405	0.389364950362639
1251	20262080	0.392082025331354
649	20261478	0.392937477095625
125	20260954	0.393854971828494
1451	20262280	0.396013175816404
376	20261205	0.39632127551379
1799	20262628	0.397217403928611
951	20261780	0.397264926530442
1844	20262673	0.39842750037535
310	20261139	0.399208069756594
442	20261271	0.399373809961088
8	20260837	0.402000027108337
423	20261252	0.402015867975614
499	20261328	0.403123379374366
838	20261667	0.403255933055123
515	20261344	0.405333134751216
439	20261268	0.405859463383814
186	20261015	0.407415978901175
1278	20262107	0.408438157929233
1277	20262106	0.409133394939781
210	20261039	0.409320802754094
871	20261700	0.4121986020809
777	20261606	0.412208106601266
1186	20262015	0.412297116749787
680	20261509	0.413627395475231
1249	20262078	0.41394034429841
544	20261373	0.41469025115384
80	20260909	0.417138916016425
1676	20262505	0.417874662956915
1108	20261937	0.419001859721379
1599	20262428	0.419209087472563
1835	20262664	0.419525714073567
473	20261302	0.420780466240452
1969	20262798	0.420913830817348
319	20261148	0.422297458887162
840	20261669	0.423168751518711
206	20261035	0.42373961886836
1015	20261844	0.42571178525998
1284	20262113	0.425898499181248
756	20261585	0.426096222412065
1666	20262495	0.426568390804152
719	20261548	0.426778786728792
1342	20262171	0.427115233266668
907	20261736	0.427124737787034
811	20261640	0.42758372388093
1266	20262095	0.428171752598366
1294	20262123	0.428693115102076
1073	20261902	0.430290140549378
416	20261245	0.430675087305832
542	20261371	0.431121910310277
1421	20262250	0.431523391827053
1097	20261926	0.433341981103631
1220	20262049	0.43407789476473
810	20261639	0.434389672239941
918	20261747	0.434589076423096
1183	20262012	0.434731945520358
621	20261450	0.434780972911372
1537	20262366	0.434806318299016
961	20261790	0.435034218475202
1356	20262185	0.43638350624138
405	20261234	0.436847165297915
1772	20262601	0.438879017380818
732	20261561	0.441460880099691
1945	20262774	0.442772149784403
1504	20262333	0.44381599642228
651	20261480	0.443915187416143
519	20261348	0.445578234901639
139	20260968	0.449039574271916
1577	20262406	0.449385525330159
1329	20262158	0.451387182899626
1653	20262482	0.45228816044024
1276	20262105	0.453546757105559
1725	20262554	0.455659286164585
1418	20262247	0.455971063639795
1648	20262477	0.457448884425141
944	20261773	0.458000558445381
1949	20262778	0.458010062965748
1440	20262269	0.458175293565873
873	20261702	0.458514908277203
1354	20262183	0.458533917317936
1897	20262726	0.460253991925627
1074	20261903	0.460318333011484
1422	20262251	0.460487241389433
743	20261572	0.460816841976028
574	20261403	0.461125451277783
632	20261461	0.463078608628673
306	20261135	0.464245805718707
114	20260943	0.464430554963934
661	20261490	0.464586096755017
1001	20261830	0.465107593829889
137	20260966	0.466151440467765
718	20261547	0.466205299416506
1314	20262143	0.466452902526472
1561	20262390	0.468707823227835
1038	20261867	0.46882150243902
854	20261683	0.468990410816969
1427	20262256	0.469279501473623
1621	20262450	0.469682479654061
1189	20262018	0.470716821771572
662	20261491	0.471103449480363
1372	20262201	0.471355031659924
1857	20262686	0.472029069073031
929	20261758	0.472151951512813
1109	20261938	0.472463728988024
467	20261296	0.472712142994128
244	20261073	0.472952733432203
697	20261526	0.473880543581577
1708	20262537	0.473918561663043
1551	20262380	0.474591621459403
271	20261100	0.475229321743384
324	20261153	0.475299021559402
1770	20262599	0.475391199881378
1706	20262535	0.47551357271679
1227	20262056	0.476849200729852
60	20260889	0.477114442662525
59	20260888	0.47750325148548
772	20261601	0.477817520809169
493	20261322	0.478712144434805
1606	20262435	0.480017077772606
485	20261314	0.480300341686719
633	20261462	0.480438555389408
325	20261154	0.480457564430139
173	20261002	0.480512928168067
466	20261295	0.480522432688431
1846	20262675	0.480771833753829
1716	20262545	0.48139955206252
970	20261799	0.48200774360059
69	20260898	0.482418729637732
1224	20262053	0.482916544709232
917	20261746	0.483583268158681
1797	20262626	0.483586945936507
462	20261291	0.484391373484275
1150	20261979	0.485243657075092
612	20261441	0.48620314895902
1630	20262459	0.486793025349401
181	20261010	0.488733510006468
676	20261505	0.488824877432304
776	20261605	0.489066955091497
1315	20262144	0.489778843865461
809	20261638	0.490926730622994
748	20261577	0.491935727352862
1669	20262498	0.492664827212126
410	20261239	0.49311246111271
1318	20262147	0.493340378856963
973	20261802	0.493572951995791
1514	20262343	0.494284029873615
1200	20262029	0.494376208195591
371	20261200	0.494499257355981
1083	20261912	0.494519771185898
1850	20262679	0.494811034831192
1180	20262009	0.494988261800159
222	20261051	0.495773018563598
1849	20262678	0.496146973578569
1953	20262782	0.496350222260158
1640	20262469	0.496398555758128
1793	20262622	0.49641705519449
1339	20262168	0.497392897550066
1168	20261997	0.49744557056946
992	20261821	0.497690005505968
1349	20262178	0.499296535473635
949	20261778	0.499983245580566
1594	20262423	0.500146804670897
1024	20261853	0.500411059544278
477	20261306	0.501561637020344
1436	20262265	0.501655496294658
1808	20262637	0.501703829792627
1221	20262050	0.503507948419951
704	20261533	0.503834890437462
1788	20262617	0.504466763978901
395	20261224	0.505301701913256
535	20261364	0.505301701913256
1843	20262672	0.505622474304464
1129	20261958	0.505901082824004
478	20261307	0.505932088233579
1906	20262735	0.506308206794646
465	20261294	0.506388915920215
801	20261630	0.506447925286518
1401	20262230	0.506479607021073
1983	20262812	0.506616139771424
1477	20262306	0.508037109597725
1637	20262466	0.508171168067666
1807	20262636	0.508889559909149
449	20261278	0.510388747012543
525	20261354	0.512216840809488
1819	20262648	0.512833383088021
565	20261394	0.513078628920669
642	20261471	0.51318832906226
1557	20262386	0.513260687447363
603	20261432	0.51331605118529
1566	20262395	0.51420117029056
1940	20262769	0.514415243993025
418	20261247	0.515046306638326
1452	20262281	0.51580988137239
43	20260872	0.515911262922963
21	20260850	0.51649976909532
348	20261177	0.516536290513123
1639	20262468	0.516555299553854
1287	20262116	0.51739657383512
287	20261116	0.51763399609974
1875	20262704	0.517933100881129
1859	20262688	0.517964106290705
1726	20262555	0.518041120070382
377	20261206	0.519555471716074
1373	20262202	0.520307226244449
353	20261182	0.520905435807229
1082	20261911	0.522597807749961
916	20261745	0.522725529872991
1613	20262442	0.522927107044787
1883	20262712	0.52325185850559
366	20261195	0.52336074775104
476	20261305	0.524017966680124
1670	20262499	0.524681521956118
1481	20262310	0.524879754791306
138	20260967	0.525575969418601
209	20261038	0.52651496504068
1229	20262058	0.528169693935157
1863	20262692	0.528591982448099
989	20261818	0.529616820045242
530	20261359	0.530025624968222
1077	20261906	0.530238202007023
741	20261570	0.530659679623824
387	20261216	0.530754724827486
1399	20262228	0.531707370760134
615	20261444	0.531865404399695
1154	20261983	0.532132827446531
657	20261486	0.533060637595905
1429	20262258	0.533414772674004
1131	20261960	0.533455958928924
393	20261222	0.533653682159742
1146	20261975	0.537219872545818
37	20260866	0.537298400557224
1242	20262071	0.537419092440298
455	20261284	0.537801564916342
695	20261524	0.538425597321687
1840	20262669	0.539304907252484
170	20260999	0.539848748262152
1619	20262448	0.540210540187671
1213	20262042	0.540540817099245
360	20261189	0.541091003898368
1948	20262777	0.541138350337046
1335	20262164	0.542463279774871
1972	20262801	0.54337443816083
1433	20262262	0.54359168003675
1409	20262238	0.544081662097676
1937	20262766	0.544217893556258
384	20261213	0.544805922273693
1929	20262758	0.545218196661898
94	20260923	0.545478982070054
1043	20261872	0.546208860676011
1895	20262724	0.546322238595426
1232	20262061	0.546737379865317
1702	20262531	0.546893105945075
683	20261512	0.547323911919089
955	20261784	0.54816784476944
388	20261217	0.548491317321725
3	20260832	0.549563167916328
1712	20262541	0.550198719235595
1370	20262199	0.551300570612415
1515	20262344	0.552217212857153
277	20261106	0.552596509034221
208	20261037	0.552736394246702
500	20261329	0.552868271602479
1039	20261868	0.553324422964137
46	20260875	0.553599845742154
6	20260835	0.55412619194282
491	20261320	0.554243715652439
1136	20261965	0.555231721097466
1267	20262096	0.556789917567163
152	20260981	0.556868612299177
1867	20262696	0.557274072885549
1523	20262352	0.558731379840977
1394	20262223	0.559029975017997
1911	20262740	0.559331946681073
1815	20262644	0.560494821817752
1398	20262227	0.560497989991207
1723	20262552	0.5605640120294
1285	20262114	0.560843431445079
1410	20262239	0.560979153299291
1414	20262243	0.561017171380756
1957	20262786	0.563125360918357
1934	20262763	0.563467634198775
1611	20262440	0.563542006977432
204	20261033	0.563763570806709
293	20261122	0.564202394079971
228	20261057	0.564294572401947
1203	20262032	0.564329422309955
1915	20262744	0.565206717847199
1341	20262170	0.566995806503385
1087	20261916	0.567253725029855
1223	20262052	0.567972820206929
974	20261803	0.569237076894179
448	20261277	0.5693911220216
1299	20262128	0.570086359032149
689	20261518	0.570130713460524
1563	20262392	0.570806265105361
806	20261635	0.571362778808851
382	20261211	0.571395447602697
235	20261064	0.572921467314852
1754	20262583	0.574134222330677
1595	20262424	0.576090038250651
1852	20262681	0.576103521840612
1016	20261845	0.576798758851161
421	20261250	0.577193403859201
1966	20262795	0.577938645877512
1447	20262276	0.578367136166202
202	20261031	0.578531506152674
942	20261771	0.578747427528084
562	20261391	0.57906318407289
1046	20261875	0.579772265125228
91	20260920	0.580027826374381
1961	20262790	0.581294440338948
28	20260857	0.581559682271622
363	20261192	0.582222250488323
930	20261759	0.582332626954891
112	20260941	0.582352446891763
1881	20262710	0.583154215870446
1737	20262566	0.584289253771004
1841	20262670	0.584313788262508
65	20260894	0.584593884003166
731	20261560	0.586241090621384
323	20261152	0.586338627673522
611	20261440	0.586851296553006
141	20260970	0.587181573464581
522	20261351	0.587731760263704
300	20261129	0.588169578909608
1748	20262577	0.589442830512855
738	20261567	0.590440651212562
870	20261699	0.591538347356635
248	20261077	0.591880620637052
1689	20262518	0.591967666109531
1771	20262600	0.592176557244985
625	20261454	0.592509024713267
751	20261580	0.592546366469753
1721	20262550	0.592767754135877
1912	20262741	0.594595546641052
1879	20262708	0.594657724180811
1728	20262557	0.597607881892723
163	20260992	0.598126377514748
681	20261510	0.598302609298901
1192	20262021	0.598417658728109
1617	20262446	0.598650741471305
1776	20262605	0.598810622783812
869	20261698	0.5988126196093
1079	20261908	0.59882311931448
214	20261043	0.598856464433306
588	20261417	0.59910420211443
1049	20261878	0.599418336866958
378	20261207	0.600877148611571
166	20260995	0.601749595023019
454	20261283	0.60190048141953
174	20261003	0.602837119764292
231	20261060	0.602861478092643
1795	20262624	0.603409474335059
781	20261610	0.60366007889787
1593	20262422	0.60376294766956
1550	20262379	0.60397253269806
481	20261310	0.604107879519063
1416	20262245	0.604211752918112
1455	20262284	0.604267792981016
1722	20262551	0.604403816126997
1298	20262127	0.604519852615498
646	20261475	0.605198261699477
1023	20261852	0.605296475076594
391	20261220	0.606236281594811
1162	20261991	0.606953186215178
540	20261369	0.607179423007094
1340	20262169	0.608109901168098
910	20261739	0.608600392833396
1746	20262575	0.608858820964235
687	20261516	0.60994334425266
836	20261665	0.611366310904451
226	20261055	0.611739278860128
496	20261325	0.611862629312287
1068	20261897	0.612122738395465
1532	20262361	0.612352143360836
1172	20262001	0.612369647612384
551	20261380	0.61261023805046
967	20261796	0.612672915752043
1336	20262165	0.612865975462767
1386	20262215	0.613221120307062
1756	20262585	0.613962693990091
1884	20262713	0.614233285210382
1602	20262431	0.6155548703116
1070	20261899	0.615726946863005
627	20261456	0.61584682784994
876	20261705	0.616195437477267
993	20261822	0.616605053296387
1794	20262623	0.617135920320463
628	20261457	0.617225440073354
1909	20262738	0.617854145441339
302	20261131	0.619013041508423
1117	20261946	0.61960906995704
1062	20261891	0.621242616822144
257	20261086	0.621419524931275
1495	20262324	0.621992190236357
1872	20262701	0.62297971822646
1332	20262161	0.623426842522674
1226	20262055	0.623775452150002
1471	20262300	0.624173765493323
221	20261050	0.624447701050223
881	20261710	0.62447017955618
1273	20262102	0.624640074993423
1536	20262365	0.624894347891514
1195	20262024	0.625816299148901
1122	20261951	0.626788973331022
1744	20262573	0.62702588599127
168	20260997	0.627129749947776
1625	20262454	0.628991716035981
1280	20262109	0.629016551819255
1105	20261934	0.629040216254559
1178	20262007	0.629331497467921
333	20261162	0.629951685374832
922	20261751	0.630967217321665
866	20261695	0.631118914614315
1381	20262210	0.63122277857082
1903	20262732	0.631256141257712
539	20261368	0.633074730534289
1695	20262524	0.633168279074288
898	20261727	0.633340656917463
694	20261523	0.633612744801416
1383	20262212	0.634024208293482
1810	20262639	0.634913699069623
365	20261194	0.635788637329549
1916	20262745	0.636299818987915
529	20261358	0.636408347781538
1616	20262445	0.636549720215136
1787	20262616	0.637797325138971
1444	20262273	0.638191776415792
817	20261646	0.638238113088274
1263	20262092	0.639006218088297
1327	20262156	0.64054689273838
514	20261343	0.640878683881683
389	20261218	0.641102428825121
1085	20261914	0.641361158247731
1827	20262656	0.641404701779967
404	20261233	0.643357349526486
1510	20262339	0.643456373799742
397	20261226	0.645186948112614
1099	20261928	0.645481379931363
1360	20262189	0.646097412605527
847	20261676	0.646798985962987
1247	20262076	0.648146610344892
1888	20262717	0.64816878755908
42	20260871	0.648324329350162
1437	20262266	0.649622115444913
1466	20262295	0.649993713182568
765	20261594	0.650672298429699
1677	20262506	0.650994391321417
67	20260896	0.651101599614529
1525	20262354	0.652405856627351
1890	20262719	0.652593774046034
44	20260873	0.652629601570791
1345	20262174	0.652887019935436
1101	20261930	0.655298176320928
521	20261350	0.655420372993186
133	20260962	0.655505913676482
1005	20261834	0.656673110766516
1233	20262062	0.657702302466463
407	20261236	0.657852201803681
636	20261465	0.657939724731084
487	20261316	0.6591137677724
403	20261232	0.659220799902359
341	20261170	0.65956742728558
1507	20262336	0.659572577703141
813	20261642	0.660120096490636
1574	20262403	0.660188309085537
1322	20262151	0.660538915538352
1851	20262680	0.660824161696572
1390	20262219	0.661052755765804
618	20261447	0.661484548799111
483	20261312	0.661496410596793
1600	20262429	0.66204491644358
1545	20262374	0.662431066697449
431	20261260	0.662556098101945
1116	20261945	0.662802831155712
672	20261501	0.663606281086732
859	20261688	0.6636187776174
1155	20261984	0.663854518929682
145	20260974	0.663903704915784
392	20261221	0.664617274642087
1892	20262721	0.664726965341132
236	20261065	0.665241824777324
546	20261375	0.665302321364745
307	20261136	0.665490238783427
720	20261549	0.665748333473051
1260	20262089	0.666949226691194
385	20261214	0.667600785598345
1215	20262044	0.669590775101349
1727	20262556	0.669639275319928
1865	20262694	0.669836020933998
1554	20262383	0.669971742788209
1411	20262240	0.670364706843912
875	20261704	0.670789352634168
242	20261071	0.671673317959539
75	20260904	0.671786176832039
429	20261258	0.672376378538115
1930	20262759	0.672528936444418
1003	20261832	0.67256944637436
1054	20261883	0.674230002011378
915	20261744	0.674469898556407
830	20261659	0.674619797893626
619	20261448	0.675281672217282
252	20261081	0.675323863099561
654	20261483	0.675954732013643
645	20261474	0.676158291429545
1590	20262419	0.677029584061093
693	20261522	0.677297683432908
1822	20262651	0.679067772490907
1578	20262407	0.679391713055571
1974	20262803	0.679591626843095
1045	20261874	0.679692322626145
1214	20262043	0.680098635700647
1110	20261939	0.68014497237313
1583	20262412	0.680152295779333
587	20261416	0.680341700419132
802	20261631	0.680701995680989
53	20260882	0.680830704863311
639	20261468	0.681050605308317
931	20261760	0.68149190286199
285	20261114	0.68178386040033
1970	20262799	0.682435553878642
444	20261273	0.68304760748321
176	20261005	0.683399894888364
308	20261137	0.68374918084067
1932	20262761	0.683781163866992
1282	20262111	0.684181650198955
1376	20262205	0.684486415002277
292	20261121	0.684629977992584
233	20261062	0.684679482838521
783	20261612	0.684894710320888
909	20261738	0.684901046667798
14	20260843	0.684967578310361
1671	20262500	0.685001751893391
1675	20262504	0.685727984870971
205	20261034	0.68696774865871
185	20261014	0.687171808236438
1586	20262415	0.687438253666527
34	20260863	0.687588454295513
64	20260893	0.687812208681497
1407	20262236	0.688178822722197
1244	20262073	0.688308527089335
511	20261340	0.688794179071383
1632	20262461	0.689281201271455
1920	20262749	0.689620982703396
1587	20262416	0.690596116584545
110	20260939	0.690614949462123
1713	20262542	0.69115630806586
1724	20262553	0.691872058906324
1014	20261843	0.692049268307226
351	20261180	0.692303041043493
26	20260855	0.692466090529453
368	20261197	0.692608783463563
317	20261146	0.693156478414209
1821	20262650	0.693491937892792
375	20261204	0.694174502209519
622	20261451	0.694430239621827
77	20260906	0.694608652520142
641	20261470	0.694831721138602
1496	20262325	0.694863880328079
841	20261670	0.695159140611036
597	20261426	0.695551117607445
1918	20262747	0.695579631168544
119	20260948	0.696324873186855
264	20261093	0.697307019739894
634	20261463	0.698369875418501
518	20261347	0.698423734367244
561	20261390	0.699068280602506
1834	20262663	0.699162649481189
1171	20262000	0.699539461935301
1567	20262396	0.69969698597049
962	20261791	0.699846885307708
1289	20262118	0.699895218805678
698	20261527	0.700848374342696
709	20261538	0.70101678255882
1790	20262619	0.701130151035691
1538	20262367	0.701256368369537
1582	20262411	0.701976265000204
1462	20262291	0.703285353570753
1006	20261835	0.703775543944281
332	20261161	0.703971086060936
725	20261554	0.704062286766164
938	20261767	0.70431237228206
1420	20262249	0.70500910595627
1549	20262378	0.70500910595627
583	20261412	0.705850564526211
891	20261720	0.70595759665617
1240	20262069	0.705983929103107
1820	20262649	0.706530771565621
1752	20262581	0.70681005641014
1119	20261948	0.707746694754903
943	20261772	0.707946081369991
1351	20262180	0.709394577698098
1239	20262068	0.710195175328814
818	20261647	0.71059695813736
717	20261546	0.711039802072211
1924	20262753	0.712000104852278
1946	20262775	0.713049476940925
1579	20262408	0.713528282971693
337	20261166	0.714093147415647
255	20261084	0.714140169855653
740	20261569	0.714807870921851
1997	20262826	0.71492925669797
1696	20262525	0.7151213293494
1816	20262645	0.71544726673955
1838	20262667	0.715483621436744
9	20260838	0.716776869140016
314	20261143	0.716920432130322
1638	20262467	0.71762982905581
1784	20262613	0.718048138499156
1936	20262765	0.718145165946925
58	20260887	0.718386256546824
592	20261421	0.718814371802306
29	20260858	0.719016625299082
224	20261053	0.719383567642163
598	20261427	0.719689008770463
1769	20262598	0.719730195025383
1501	20262330	0.720208013996858
177	20261006	0.720477117996033
88	20260917	0.720668504879939
844	20261673	0.721236019767457
1680	20262509	0.721873928364038
259	20261088	0.722134505459595
327	20261156	0.722849052802644
1683	20262512	0.722899743577931
247	20261076	0.723115498232732
1177	20262006	0.723208352879686
140	20260969	0.723346566582375
469	20261298	0.723747371774172
1701	20262530	0.724854581881156
1489	20262318	0.725088642241101
1529	20262358	0.725630996029651
1765	20262594	0.725710709970406
1506	20262335	0.725914269386309
1347	20262176	0.726565142525937
1234	20262063	0.727167507321464
1279	20262108	0.727499974789746
914	20261743	0.728225531442346
143	20260972	0.729626497043101
12	20260841	0.730326573736898
807	20261636	0.730811414822806
857	20261686	0.731276561100461
1629	20262458	0.731543483985472
433	20261262	0.731550320494207
1905	20262734	0.731653684288887
165	20260994	0.732569808803732
655	20261484	0.733472783169834
328	20261157	0.73499046970959
1651	20262480	0.735353239251857
510	20261339	0.735714521573007
1305	20262134	0.735765721952662
1484	20262313	0.736128675783604
1584	20262413	0.736859749761455
769	20261598	0.737525787443381
1106	20261935	0.738132014305409
1461	20262290	0.738679542535447
1935	20262764	0.738734379100937
607	20261436	0.74078387813207
1061	20261890	0.744048481330824
577	20261406	0.745415791078439
338	20261167	0.746368946615458
1207	20262036	0.746951116440905
613	20261442	0.748138526069087
563	20261392	0.748274071760146
1434	20262263	0.749003649074331
1641	20262470	0.749530487311301
1786	20262615	0.749736904166345
1829	20262658	0.750858593048105
1855	20262684	0.751219556509418
1902	20262731	0.751410943393324
1138	20261967	0.751661547956136
1718	20262547	0.751873607265046
1237	20262066	0.752007976469301
1235	20262064	0.752137862138427
699	20261528	0.753001808656868
225	20261054	0.753157868177843
441	20261270	0.753947640787683
286	20261115	0.75397329690964
713	20261542	0.75422140018143
494	20261323	0.754228047262656
1112	20261941	0.755016832813202
86	20260915	0.755661379048465
516	20261345	0.755677219915741
1126	20261955	0.756151370551936
30	20260859	0.756771581165749
1256	20262085	0.75711403060932
1268	20262097	0.759036993446772
33	20260862	0.75959569770697
1824	20262653	0.759909457426288
1845	20262674	0.760369930741303
281	20261110	0.760542007292706
1125	20261954	0.760730235445703
1979	20262808	0.760797744705014
1832	20262661	0.760828740672044
906	20261735	0.760986473019836
1516	20262345	0.761684878203838
55	20260884	0.761769909282764
189	20261018	0.761822104847234
440	20261269	0.762011310616978
940	20261769	0.762680391343744
1191	20262020	0.762744565708991
1615	20262444	0.763035837479808
1364	20262193	0.763205732917051
1228	20262057	0.763338421168967
87	20260916	0.764014649138783
506	20261335	0.76445731691048
1817	20262646	0.764832759146568
964	20261793	0.764945627461613
1449	20262278	0.765133544880296
1811	20262640	0.765215407785766
905	20261734	0.765491659027989
1222	20262051	0.765572350585491
396	20261225	0.76587262671485
1573	20262402	0.76597898251983
1785	20262614	0.766041836384567
1812	20262641	0.766081351129695
958	20261787	0.767302924898363
1395	20262224	0.768709239786737
609	20261438	0.769336440365538
313	20261142	0.769347449675088
1858	20262687	0.769445964343974
1201	20262030	0.76953733176981
1530	20262359	0.770228724281924
1140	20261969	0.771050002463166
606	20261435	0.771314433499699
1521	20262350	0.772005826011814
1397	20262226	0.772197889220699
821	20261650	0.772527999411664
315	20261144	0.772779071986853
886	20261715	0.772789086111589
1668	20262497	0.772977990589563
1426	20262255	0.773043336302778
812	20261641	0.773067185026759
447	20261276	0.773379949561264
336	20261165	0.77414855472311
928	20261757	0.774267083060088
610	20261439	0.774744091135424
605	20261434	0.775018360133541
1296	20262125	0.776694381604627
346	20261175	0.776961804651462
528	20261357	0.777444153888895
213	20261042	0.778203749553364
1691	20262520	0.77853385974433
1149	20261978	0.778669882890311
459	20261288	0.779549192821107
1491	20262320	0.780047007892607
406	20261235	0.781239249078516
31	20260860	0.781751241633022
230	20261059	0.782736755229573
658	20261487	0.783025169561247
656	20261485	0.783032015512529
102	20260931	0.783644370408867
400	20261229	0.78371774800271
531	20261360	0.784094871191136
1368	20262197	0.784460993195534
41	20260870	0.784681579408062
972	20261801	0.784898821283982
162	20260991	0.785776616983049
978	20261807	0.785992672929621
1952	20262781	0.786326127457195
74	20260903	0.786629378028787
408	20261237	0.786877792034891
62	20260891	0.787061864955139
184	20261013	0.787836306302072
1791	20262620	0.788266093067346
1980	20262809	0.788396497783386
1404	20262233	0.788674907432871
1564	20262393	0.789189063533473
90	20260919	0.78967291756009
897	20261726	0.789810621658408
1236	20262065	0.789945491024488
1173	20262002	0.790365287688952
16	20260845	0.791347132950221
1029	20261858	0.791635069826974
1350	20262179	0.791810792006757
1719	20262548	0.793595040979696
858	20261687	0.793755422454027
1160	20261989	0.793905831395614
547	20261376	0.793937003525798
1627	20262456	0.794267113716763
10	20260839	0.795394310481228
1889	20262718	0.797009835364892
501	20261330	0.797324781013558
1988	20262817	0.797981698650873
803	20261632	0.798162904689435
374	20261203	0.799151086297615
1013	20261842	0.799259105486867
1663	20262492	0.800122064946017
70	20260899	0.800394143387426
1942	20262771	0.800472671398832
1090	20261919	0.801116230574802
1766	20262595	0.801538384516581
594	20261423	0.801751272289698
234	20261063	0.802096394883735
1457	20262286	0.80222691014701
109	20260938	0.802706600815356
1971	20262800	0.804654083562932
1899	20262728	0.805252594417481
1056	20261885	0.805318148443296
1571	20262400	0.807183574554182
1947	20262776	0.807262778890567
1169	20261998	0.807391488072889
1847	20262676	0.807580383108318
822	20261651	0.808585234047982
207	20261036	0.809053548499091
558	20261387	0.809329975904469
1111	20261940	0.809374830494668
1040	20261869	0.809594907102827
1385	20262214	0.809856804698891
92	20260921	0.809954508471638
747	20261576	0.810457172668931
839	20261668	0.810966673374961
1984	20262813	0.811531713982069
451	20261280	0.812089724349221
417	20261246	0.812230119166072
673	20261502	0.812271305420992
1910	20262739	0.81310141179762
276	20261105	0.813180407821404
1142	20261971	0.813614381968873
517	20261346	0.813907836170877
1604	20262433	0.81418961286387
150	20260979	0.814511872476197
796	20261625	0.814651081363699
1206	20262035	0.814658914374273
686	20261515	0.814906517484237
460	20261289	0.815263460283962
691	20261520	0.81627828375637
1382	20262211	0.816360178811288
1028	20261857	0.816431860871413
774	20261603	0.81677413415183
89	20260918	0.817328665611212
1175	20262004	0.817712426438319
1274	20262103	0.817814803173705
1167	20261996	0.818167090578859
356	20261185	0.818170258752314
878	20261707	0.818294294971996
1893	20262722	0.818636090797491
1182	20262011	0.819136263146307
1814	20262643	0.819455187864568
1080	20261909	0.820052211498
937	20261766	0.820464860919413
1417	20262246	0.820608725201489
179	20261008	0.820661096929113
1393	20262222	0.821244452683908
1241	20262070	0.821407326006717
57	20260886	0.821925353616363
1938	20262767	0.822051872241979
1547	20262376	0.822595921564247
1419	20262248	0.822876328039218
513	20261342	0.823062054901193
100	20260929	0.823280977729451
1755	20262584	0.823878001362882
1475	20262304	0.823951346807278
1512	20262341	0.824212433507203
572	20261401	0.824460847513308
1230	20262059	0.825140753260949
545	20261374	0.825548061520266
923	20261752	0.825651934919315
1925	20262754	0.826787649144853
1412	20262241	0.826992695781874
742	20261571	0.827275959695986
22	20260851	0.827498727022677
1908	20262737	0.827762305571079
1378	20262207	0.828615742941796
1503	20262332	0.82864525168771
1923	20262752	0.828860988774444
48	20260877	0.829337320524802
340	20261169	0.829370498923019
134	20260963	0.829388520904458
38	20260867	0.829999204291004
316	20261145	0.83015641759188
123	20260952	0.830696112811344
780	20261609	0.830864327296249
142	20260971	0.831109582571443
797	20261626	0.832224114767606
724	20261553	0.832224624371977
220	20261049	0.832301137989827
827	20261656	0.832833325514414
1063	20261892	0.834290316596693
1057	20261886	0.834332813909578
926	20261755	0.834458354918444
1066	20261895	0.835070408523013
1042	20261871	0.835137449769947
512	20261341	0.835338341174219
39	20260868	0.83562358733244
486	20261315	0.835631587063621
1365	20262194	0.836048233122696
543	20261372	0.836073578510339
275	20261104	0.836510896994418
1704	20262533	0.836800497255441
229	20261058	0.836967215076684
411	20261240	0.837347506438565
1358	20262187	0.837464728856414
1998	20262827	0.838463544740936
1518	20262347	0.83852907175614
850	20261679	0.839183441371605
1478	20262307	0.839211636072866
987	20261816	0.840451042395463
1559	20262388	0.841682112558976
1780	20262609	0.841884189892598
373	20261202	0.842057244060751
1781	20262610	0.842136767256972
312	20261141	0.842748636572866
1468	20262297	0.842822675910307
638	20261467	0.84293703144647
182	20261011	0.843197941983242
1292	20262121	0.84320128631985
160	20260989	0.843351695261438
262	20261091	0.843811492251474
390	20261219	0.844015042224832
1738	20262567	0.844326518408273
267	20261096	0.844402179537994
450	20261279	0.844445723070229
1963	20262792	0.844457709996529
995	20261824	0.845270980321065
614	20261443	0.846234135401438
1779	20262608	0.846501558448273
1656	20262485	0.846628586678259
1196	20262025	0.846927181855279
889	20261718	0.847346000902995
122	20260951	0.847386677553545
1527	20262356	0.847654610204751
1933	20262762	0.8485787425763
520	20261349	0.848663097330247
648	20261477	0.848829347139111
1170	20261999	0.849249143803576
149	20260978	0.849408038056789
976	20261805	0.849739135307047
1331	20262160	0.849901707338086
1027	20261856	0.850600413813859
1541	20262370	0.850721975753131
1684	20262513	0.851175635266312
1741	20262570	0.851566918369676
778	20261607	0.851655946086264
956	20261785	0.853961057401088
19	20260848	0.854548081491164
1402	20262231	0.854941721871845
1511	20262340	0.855235494933684
24	20260853	0.85570478700154
533	20261362	0.855811017677906
1830	20262659	0.855950718601712
427	20261256	0.856115782481228
668	20261497	0.856123606049257
1443	20262272	0.857632089360415
1075	20261904	0.858158626305615
164	20260993	0.858559098056196
1078	20261907	0.858902381102808
1886	20262715	0.858984753612647
888	20261717	0.860518591753995
402	20261231	0.861456207715506
1286	20262115	0.861483910380465
61	20260890	0.861869366741289
685	20261514	0.863821027428515
1740	20262569	0.865182478284143
746	20261575	0.865259024051441
1264	20262093	0.865333665972423
1333	20262162	0.865387223629395
1753	20262582	0.865890698722827
1465	20262294	0.866049097953052
705	20261534	0.866102956901793
715	20261544	0.866773167384534
11	20260840	0.866816017023725
167	20260996	0.8669883948669
804	20261633	0.867024925727246
527	20261356	0.867111277306681
883	20261712	0.867112958259019
266	20261095	0.867889882011884
762	20261591	0.868141464191442
722	20261551	0.868956582188926
604	20261433	0.869004915686895
1831	20262660	0.869388375222232
1749	20262578	0.869698966768096
1463	20262292	0.871433895183772
798	20261627	0.871751499401523
1248	20262077	0.872718314691656
201	20261030	0.872920392025277
1464	20262293	0.873180501108455
653	20261482	0.873336528479981
1992	20262821	0.873487924480862
566	20261395	0.873559111517998
1204	20262033	0.87455741779815
295	20261124	0.875056603087674
1681	20262510	0.875095130773508
344	20261173	0.875349371522153
984	20261813	0.87541937262994
1682	20262511	0.87547542213539
155	20260984	0.875626609823669
1777	20262606	0.875929559103493
172	20261001	0.876047276544331
1258	20262087	0.876466897045642
1104	20261933	0.876538579105767
1072	20261901	0.877511929612865
1975	20262804	0.877677470947305
422	20261251	0.878110634198635
670	20261499	0.87831170176606
733	20261562	0.878363402307542
947	20261776	0.879307530779118
1238	20262067	0.879525944003004
860	20261689	0.879722495885854
20	20260849	0.879784673425613
111	20260940	0.879970409730133
17	20260846	0.880366532516746
1300	20262129	0.880992069711276
85	20260914	0.881057925028861
1803	20262632	0.882286697075115
966	20261795	0.882470066659775
904	20261733	0.882585625693353
623	20261452	0.882722158443704
258	20261087	0.883271358183535
1711	20262540	0.883472249587807
1374	20262203	0.883886881253328
1308	20262137	0.88426934560385
1261	20262090	0.885440914364756
578	20261407	0.886061301141724
1371	20262200	0.886061602433493
1874	20262703	0.887840885277545
1093	20261922	0.887914564163157
764	20261593	0.889306719136592
238	20261067	0.889743351853146
5	20260834	0.890288179922107
1348	20262177	0.890587794307867
1009	20261838	0.89127935354059
1642	20262471	0.891284202666383
1060	20261889	0.892585791667575
279	20261108	0.892818540969556
103	20260932	0.89364012988511
1751	20262580	0.894508629376412
932	20261761	0.894628811655115
1958	20262787	0.894853561225914
40	20260869	0.894905062897339
560	20261389	0.895728022030917
589	20261418	0.895819690748523
1051	20261880	0.89590455510684
212	20261041	0.895914735952184
1012	20261841	0.89647425110852
1359	20262188	0.89661246481121
303	20261132	0.896634642025397
1623	20262452	0.896984923162517
596	20261425	0.897479778373162
1569	20262398	0.898226007450766
730	20261559	0.898360742245685
203	20261032	0.899448943311937
674	20261503	0.900751009768052
1295	20262124	0.900952586939847
874	20261703	0.901109809683269
453	20261282	0.901162982864486
121	20260950	0.901323373781363
383	20261212	0.901750501977552
1939	20262768	0.90178653781491
1620	20262449	0.90198209749963
1032	20261861	0.903329704313469
868	20261697	0.903422576528491
278	20261107	0.903483758883434
1166	20261995	0.904245527536546
1714	20262543	0.904373249659577
752	20261581	0.906808547935295
1019	20261848	0.907239530072464
675	20261504	0.907320040327977
263	20261092	0.909191501494004
1132	20261961	0.909352392572705
1589	20262418	0.910571483935441
409	20261238	0.911150485587433
1655	20262484	0.911565316123009
1098	20261927	0.911584325163741
1250	20262079	0.911886899410356
573	20261402	0.912213030531726
846	20261675	0.912877572867014
1338	20262167	0.913140164356123
1660	20262489	0.913230360433991
101	20260930	0.913427272768669
25	20260854	0.913530937855118
129	20260958	0.913570636888921
1306	20262135	0.913586477756197
452	20261281	0.91402777530987
1423	20262252	0.914229041747352
557	20261386	0.914610320168526
1585	20262414	0.915204685232873
885	20261714	0.915465461198484
1184	20262013	0.915465771932798
819	20261648	0.916706530905351
1188	20262017	0.917414264446568
982	20261811	0.917767705631623
745	20261574	0.918406425124343
541	20261370	0.918493938609202
1102	20261931	0.920428086919357
1736	20262565	0.920543136348564
975	20261804	0.920857581835407
1853	20262682	0.921805378642263
559	20261388	0.921842720398747
1533	20262362	0.922905576077356
1856	20262685	0.922915756922701
457	20261286	0.92295060683071
911	20261740	0.923446758517939
1607	20262436	0.923451112620743
1568	20262397	0.923523966028836
969	20261798	0.923764872340061
773	20261602	0.924315059139185
1596	20262425	0.92453495958419
211	20261040	0.925059490261356
1352	20262181	0.925521477808099
1137	20261966	0.926846397803381
837	20261666	0.927631848459865
1610	20262439	0.928217385328823
364	20261193	0.929204381007654
1044	20261873	0.92945745040833
1955	20262784	0.929740037997465
320	20261149	0.93113883060958
997	20261826	0.931795738804349
217	20261046	0.932115834870577
1645	20262474	0.932158517789161
721	20261550	0.934676882467765
568	20261397	0.934906598167451
63	20260892	0.935658852857652
15	20260844	0.935942116771764
1127	20261956	0.93632391292283
412	20261241	0.936384284381635
369	20261198	0.936524980490256
339	20261168	0.936671527365343
575	20261404	0.937192213544076
428	20261257	0.937491795780389
1692	20262521	0.937909627768812
532	20261361	0.938613183370378
136	20260965	0.939309397997673
1985	20262814	0.939317924901292
223	20261052	0.939771385544416
1379	20262208	0.940167517773575
843	20261672	0.940651871962017
1869	20262698	0.940922264312252
994	20261823	0.941198204820162
297	20261126	0.942331237769711
1622	20262451	0.942621347635105
1157	20261986	0.944160525621525
1767	20262596	0.944334098836593
93	20260922	0.94442546626243
549	20261378	0.944874271510981
617	20261446	0.945718037640722
815	20261644	0.945926451321255
1151	20261980	0.946025150278816
1601	20262430	0.946760887776761
899	20261728	0.946805242205137
424	20261253	0.946809907042255
941	20261770	0.946959806379472
856	20261685	0.948614025669579
590	20261419	0.949382431961369
737	20261566	0.949643518661296
273	20261102	0.951271414947011
456	20261285	0.951450138579641
105	20260934	0.951479328465718
1362	20262191	0.951975480152947
196	20261025	0.952442289814872
1553	20262382	0.952484980858977
345	20261174	0.953432787108376
401	20261230	0.954290086545594
192	20261021	0.954746414070405
1999	20262828	0.955116705888929
250	20261079	0.955545515037457
853	20261682	0.955880280622995
1492	20262321	0.955886107365536
1065	20261894	0.956098193685058
1281	20262110	0.956378965750693
1375	20262204	0.956812939898163
903	20261732	0.956851259271397
190	20261019	0.957604518588957
1921	20262750	0.957899460012077
1000	20261829	0.957954791600555
1343	20262172	0.958884792306637
1698	20262527	0.959168533675673
1439	20262268	0.960580021688512
1148	20261977	0.96065238951616
1245	20262074	0.961187713064755
1950	20262779	0.961274758537234
131	20260960	0.961439295244314
663	20261492	0.962084341641401
1823	20262652	0.963876607913588
1717	20262546	0.964702235058796
1743	20262572	0.96609101868501
1021	20261850	0.966611028538764
1179	20262008	0.967976333335371
1552	20262381	0.969345431595874
1657	20262486	0.969631363521618
586	20261415	0.970743922916219
1052	20261881	0.971493018875509
842	20261671	0.972050853079507
414	20261243	0.972144026586297
799	20261628	0.973215585331677
1081	20261910	0.973368944691574
380	20261209	0.973978155438383
1107	20261936	0.974407650354433
1763	20262592	0.975032182921603
1059	20261888	0.975745752647905
1033	20261862	0.976225252571718
1631	20262460	0.976615048453965
1964	20262793	0.976831780725515
581	20261410	0.977142053411542
862	20261691	0.977323259450105
362	20261191	0.977808600697839
191	20261020	0.977873946411053
1096	20261925	0.977911464330692
552	20261381	0.978629378717255
415	20261244	0.978743918542092
78	20260907	0.978873137328784
148	20260977	0.979375792083533
1661	20262490	0.979546197125145
1363	20262192	0.979984191934202
1789	20262618	0.980376957119849
96	20260925	0.981056853424946
484	20261313	0.981474477100769
342	20261171	0.981709240796302
66	20260895	0.981864481295616
488	20261317	0.981990012861938
1165	20261994	0.982455844907115
1878	20262707	0.982764454208871
1871	20262700	0.983976834191488
27	20260856	0.984510175495976
1720	20262549	0.984713734911878
71	20260900	0.985161567682518
1053	20261882	0.985880454546991
1448	20262277	0.987602224688402
98	20260927	0.988216260537077
1355	20262184	0.990037841823957
829	20261658	0.990128907958024
1139	20261968	0.990956833220489
107	20260936	0.992003537297506
1734	20262563	0.99209672024684
728	20261557	0.992779284563567
120	20260949	0.993187084859188
953	20261782	0.993664602538893
986	20261815	0.994077881554458
1086	20261915	0.994126205609883
35	20260864	0.994266776589887
579	20261408	0.994761122196162
1472	20262301	0.99502686429066
1703	20262532	0.995093890956213
1891	20262720	0.995321313677478
700	20261529	0.996173597268294
1346	20262175	0.996776447644265
1531	20262360	0.996991508406022
1007	20261836	0.998299100312908
394	20261223	0.999139387534881
768	20261597	0.999332964975496
1968	20262797	1.00000451998267
471	20261300	1.00040314406031
595	20261424	1.00089282482946
1609	20262438	1.00141183005586
952	20261781	1.00152936320802
490	20261319	1.00156271645237
925	20261754	1.00165924887715
159	20260988	1.00173192612209
419	20261248	1.00173362165581
755	20261584	1.00205072571173
1967	20262796	1.00272061733464
710	20261539	1.00349952333161
1384	20262213	1.00383664619446
795	20261624	1.0040523832812
1361	20262190	1.0049621890172
296	20261125	1.00714907328682
1926	20262755	1.0073369907055
1163	20261992	1.00939114513121
1535	20262364	1.0095538933254
1488	20262317	1.0106134046674
1479	20262308	1.01067942670559
261	20261090	1.01159990532324
901	20261730	1.0130167199168
1317	20262146	1.01368691283147
1190	20262019	1.01422145763337
631	20261460	1.01422830358465
1882	20262711	1.01471829508813
935	20261764	1.01540432887008
1456	20262285	1.01584331886395
1084	20261913	1.01677113845587
497	20261326	1.01715509815303
1833	20262662	1.01733449811064
1326	20262155	1.01737932999394
1951	20262780	1.01774795842819
1944	20262773	1.01914675104031
1913	20262742	1.01972445489869
814	20261643	1.02006454706494
104	20260933	1.02009939697295
1193	20262022	1.02045019715699
115	20260944	1.0209796845205
1505	20262334	1.02128165618357
232	20261061	1.02206839519112
498	20261327	1.02240718956377
744	20261573	1.02282799085559
894	20261723	1.02302420929722
727	20261556	1.02325729204042
379	20261208	1.0243376600961
1825	20262654	1.02465291647908
1977	20262806	1.02498170616953
1469	20262298	1.02556290351707
1403	20262232	1.02576278515515
789	20261618	1.02620030250928
83	20260912	1.02677148059324
1270	20262099	1.02687516838659
1864	20262693	1.02710375433031
1088	20261917	1.02748653754066
1391	20262220	1.0282719787546
246	20261075	1.0283565096717
1880	20262709	1.02863294221592
1432	20262261	1.02883483824755
996	20261825	1.03046786738276
1152	20261981	1.03071778617805
1288	20262117	1.03099855824368
126	20260955	1.03127064612764
763	20261592	1.0318296516796
1508	20262337	1.0325502340778
991	20261820	1.03288201577855
1311	20262140	1.03315526556793
927	20261756	1.03420942762231
1576	20262405	1.03430683010329
282	20261111	1.03489169064727
1762	20262591	1.0370892653666
919	20261748	1.0374167024071
1976	20262805	1.03749222896566
1392	20262221	1.03780083826741
474	20261303	1.03790303071413
128	20260957	1.03815342696434
1898	20262727	1.03879480502614
158	20260987	1.03886450484216
785	20261614	1.03913311381835
1265	20262094	1.03914678169698
1662	20262491	1.03946519681087
816	20261645	1.03998121002697
1761	20262590	1.04006607438528
1887	20262716	1.04065278260221
1796	20262625	1.04163377537535
1543	20262372	1.04169979741354
706	20261535	1.041899693633
1800	20262629	1.04211257196357
117	20260946	1.04362276025099
1548	20262377	1.04398639984946
1894	20262723	1.04412610077326
420	20261249	1.04511776941474
108	20260937	1.04523896145963
132	20260961	1.04537134841978
1994	20262823	1.04625746270987
950	20261779	1.04722180371959
51	20260880	1.04754924589892
270	20261099	1.04765042857944
329	20261158	1.04779298694239
1973	20262802	1.04896524147082
569	20261398	1.05022663127638
1208	20262037	1.05067513523316
939	20261768	1.05102907658004
1922	20262751	1.05162293204002
194	20261023	1.05195007292758
1319	20262148	1.05244987024319
49	20260878	1.05273647849391
1103	20261932	1.05302291058148
1400	20262229	1.05327698460952
1100	20261929	1.0536736170005
637	20261466	1.05406992539281
682	20261511	1.05408943459537
1124	20261953	1.05468379965972
413	20261242	1.05588388198172
584	20261413	1.05772363870629
650	20261479	1.05816097989727
791	20261620	1.05941154468196
56	20260885	1.0601077687518
463	20261292	1.06032985975352
1750	20262579	1.06206092610269
359	20261188	1.06345140012379
1986	20262815	1.06353426765661
157	20260986	1.06360395803009
113	20260942	1.06401276295307
482	20261311	1.06410108733407
1325	20262154	1.06519532345546
734	20261563	1.06543938335876
643	20261472	1.06673064881792
707	20261536	1.06705411192766
73	20260902	1.06711629890997
135	20260964	1.06820280958134
443	20261272	1.06905943269358
1774	20262603	1.06915566382658
1309	20262138	1.06927884755814
921	20261750	1.07007111201645
779	20261608	1.07084287077037
1231	20262060	1.07162228637172
183	20261012	1.07224433653295
1806	20262635	1.07245473245759
318	20261147	1.07269850051167
1094	20261923	1.07295355215645
536	20261365	1.07345760115315
1067	20261896	1.07346224196634
1904	20262733	1.07452194405288
696	20261525	1.07540688185616
820	20261649	1.07609645884477
712	20261541	1.07610261902853
1212	20262041	1.07629636318975
834	20261663	1.07692439223276
570	20261399	1.07704191594238
1556	20262385	1.07777237789415
1405	20262234	1.07800208415129
1733	20262562	1.07902127116904
960	20261789	1.07903008992188
335	20261164	1.08006096257417
1914	20262743	1.08077453230047
1026	20261855	1.08143541956484
1659	20262488	1.08363063186801
936	20261765	1.08368616232655
1313	20262142	1.08394189973886
832	20261661	1.08527584679958
855	20261684	1.08539505146154
808	20261637	1.08548308399331
1004	20261833	1.08559247340058
948	20261777	1.08733621244358
218	20261047	1.0879390722621
284	20261113	1.08828184570434
1301	20262130	1.08906096001391
1034	20261863	1.08918016467587
1424	20262253	1.08921184641042
1494	20262323	1.08947926945726
1216	20262045	1.08964548711668
1931	20262760	1.08976570154483
1739	20262568	1.09022767964903
684	20261513	1.09063598441018
1565	20262394	1.09082269833145
343	20261172	1.09148962065095
1643	20262472	1.09186238973658
1941	20262770	1.09210248515166
489	20261318	1.09253744635842
1778	20262607	1.09383721469728
1982	20262811	1.09461532437949
770	20261599	1.09491641140499
1650	20262479	1.09519749420494
1735	20262564	1.09547125359869
825	20261654	1.09559045826065
666	20261495	1.09628620487556
971	20261800	1.09633372747739
1870	20262699	1.09790023309556
793	20261622	1.09903496157883
445	20261274	1.09998526780223
1064	20261893	1.10037039072184
548	20261377	1.10198662407993
1757	20262586	1.10204078432044
458	20261287	1.10277820277072
983	20261812	1.10365549830796
1873	20262702	1.10429104962723
1194	20262023	1.10563467737147
1612	20262441	1.10693378396673
1658	20262487	1.10749862570379
1297	20262126	1.10890641837073
367	20261196	1.10993323821198
523	20261352	1.11013314255696
1917	20262746	1.11057580220314
1782	20262611	1.11112301969886
893	20261722	1.11133372635782
1187	20262016	1.1126130130162
1697	20262526	1.1127888603246
304	20261133	1.11291558726282
1055	20261884	1.11326419689015
1818	20262647	1.11342843230546
1458	20262287	1.11345459671476
1715	20262544	1.11364367735589
1185	20262014	1.11399626605281
1513	20262342	1.11421735242716
425	20261254	1.11451962538201
879	20261708	1.11523504278126
1366	20262195	1.11602662147205
1025	20261854	1.11688026715537
1302	20262131	1.1180351249928
1246	20262075	1.11805747837014
446	20261275	1.11983291671576
54	20260883	1.12086874605438
538	20261367	1.12106280094992
1965	20262794	1.12261664845565
1176	20262005	1.1241068084936
1792	20262621	1.12422870387409
289	20261118	1.12434541668757
1678	20262507	1.12459265934571
880	20261709	1.1257152007156
1035	20261864	1.12647479638007
1524	20262353	1.12684005777081
1570	20262399	1.12718686131718
1783	20262612	1.12802964038763
1022	20261851	1.12809150719308
178	20261007	1.12924437764757
265	20261094	1.12928940840092
1030	20261859	1.12938891825462
739	20261568	1.13182640708705
461	20261290	1.13272106286213
1996	20262825	1.13298679037525
1141	20261970	1.13382223791397
800	20261629	1.13409617347087
678	20261507	1.13502182007415
669	20261498	1.13544447417776
1430	20262259	1.13598844975859
760	20261589	1.13750395518418
537	20261366	1.13894294699192
1520	20262349	1.13985492571656
1476	20262305	1.13986591745805
239	20261068	1.14092162589361
130	20260959	1.14099114954647
1745	20262574	1.14110816365172
1011	20261840	1.14280575975346
1700	20262529	1.1437645753124
567	20261396	1.14380158876651
711	20261540	1.14428940728134
1560	20262389	1.14458019347171
1591	20262420	1.14575574130221
290	20261119	1.14598464610576
1408	20262237	1.1464599826713
1526	20262355	1.1481393711859
1037	20261866	1.14878827152397
1047	20261876	1.15024991800082
626	20261455	1.1503921107731
726	20261555	1.15070240102719
977	20261806	1.15104467430761
1310	20262139	1.15215653980917
361	20261190	1.15280275755422
585	20261414	1.15299314925332
508	20261337	1.15362751464323
272	20261101	1.15405750972111
1217	20262046	1.15415235605471
1353	20262182	1.15445681012372
1144	20261973	1.15671291675443
1534	20262363	1.15749031796222
1483	20262312	1.1578469448888
1809	20262638	1.15965286147155
1839	20262668	1.16004483846796
729	20261558	1.1602035484325
1377	20262206	1.16111285914551
1283	20262112	1.16119670429509
1174	20262003	1.16120355024637
794	20261623	1.16222838784352
865	20261694	1.16223522435225
767	20261596	1.16291647761101
660	20261489	1.16471022166177
504	20261333	1.16491347978591
934	20261763	1.16512387571055
771	20261600	1.16600902696526
430	20261259	1.16789979846379
1259	20262088	1.17138747028101
438	20261267	1.17202803744667
1592	20262421	1.17239329883742
435	20261264	1.1726423891685
358	20261187	1.17340178596291
1562	20262391	1.17361269149192
775	20261604	1.17366021409375
1337	20262166	1.17440832299375
580	20261409	1.17482227833429
1837	20262666	1.17641513098078
357	20261186	1.17740529483307
1854	20262683	1.17892616412766
1438	20262267	1.1799273372895
1050	20261879	1.17998397993594
1868	20262697	1.18070376088054
1442	20262271	1.18087377200385
169	20260998	1.18108405224242
965	20261794	1.18144415377306
1679	20262508	1.18176960856945
1202	20262031	1.1820945361934
1959	20262788	1.18301068341515
1804	20262633	1.18389265191503
736	20261565	1.18396265302282
1118	20261947	1.18566955477487
1862	20262691	1.18590331384304
608	20261437	1.18612608116973
147	20260976	1.18626141854819
1528	20262357	1.18662972298377
1312	20262141	1.18693181977547
1271	20262100	1.18704785626397
591	20261420	1.1873924868217
352	20261181	1.18845584266213
1145	20261974	1.18950186228865
556	20261385	1.19029910100138
1978	20262807	1.19130847276445
1008	20261837	1.19150452448548
1605	20262434	1.19155086115796
1943	20262772	1.19233412125773
1764	20262593	1.19288897157695
1304	20262133	1.19293748123808
1546	20262375	1.19332113964347
600	20261429	1.19466190994857
116	20260945	1.19487466315053
1654	20262483	1.19510171083858
1474	20262303	1.19517723739714
156	20260985	1.19522378238222
399	20261228	1.1959051607696
47	20260876	1.19678376736481
1614	20262443	1.19708355791372
1896	20262725	1.19715057513673
665	20261494	1.19774077684281
1330	20262159	1.19794115864271
749	20261578	1.19914175056908
243	20261072	1.20219426744832
1446	20262275	1.20332080545587
1597	20262426	1.20376860607706
1572	20262401	1.20451068936446
887	20261716	1.20531630284158
716	20261545	1.20588332569279
1805	20262634	1.20602906167174
72	20260901	1.20605541682558
823	20261652	1.20831528907445
1775	20262604	1.20881013484255
534	20261363	1.20909258786052
1672	20262501	1.20955773413817
1486	20262315	1.20960188969649
1209	20262038	1.21198652934638
1608	20262437	1.21357421699392
330	20261159	1.21360975266945
988	20261817	1.21401321643034
509	20261338	1.21576864110786
1113	20261942	1.21691734820408
1467	20262296	1.21745536247121
1649	20262478	1.21891534556379
833	20261662	1.220316301722
1344	20262173	1.22049304311052
1134	20261963	1.22150135407286
1991	20262820	1.22161074348014
334	20261163	1.22250104515242
1211	20262040	1.22261708164092
761	20261590	1.22283449967999
237	20261066	1.22388566028153
240	20261069	1.2242117914029
468	20261297	1.22456090119205
703	20261532	1.2254626896288
350	20261179	1.2264572075839
1635	20262464	1.2267819590447
197	20261026	1.22847352009129
1269	20262098	1.22968844809576
503	20261332	1.22999321289908
1498	20262327	1.23054339025566
106	20260935	1.23377265664894
495	20261324	1.23402789389942
381	20261210	1.2344815534126
36	20260865	1.23593520015827
624	20261453	1.23660291066701
629	20261458	1.23682716521482
269	20261098	1.23703490257037
864	20261693	1.23818261316475
845	20261674	1.23843587629665
1954	20262783	1.23951474900569
920	20261749	1.23969397280014
1540	20262369	1.24070346969183
464	20261293	1.24141403796529
1989	20262818	1.24141502502458
1987	20262816	1.24167226722607
1210	20262039	1.24279898653562
784	20261613	1.2443233201566
1225	20262054	1.24471529715301
635	20261464	1.24604508085546
792	20261621	1.24630349440492
1500	20262329	1.24678615437667
1219	20262048	1.24809394515361
1628	20262457	1.2481161223678
1729	20262558	1.24953075584719
253	20261082	1.25086885814066
828	20261657	1.25271031852447
908	20261737	1.25316229194648
1960	20262789	1.25338684778606
1539	20262368	1.25339369373734
1048	20261877	1.25368329399836
1544	20262373	1.25389635793463
146	20260975	1.25524246808481
171	20261000	1.25750976018822
1389	20262218	1.25807608914639
664	20261493	1.25850956313204
900	20261729	1.2594758915247
753	20261582	1.25949358950747
647	20261476	1.25974400033906
2	20260831	1.26075497931303
1558	20262387	1.26111663666739
1742	20262571	1.26205377517398
260	20261089	1.26393788632693
1161	20261990	1.26407295456306
1243	20262072	1.26423749127014
1321	20262150	1.26597508769745
1369	20262198	1.26622983805046
294	20261123	1.26753309987847
505	20261334	1.26917931943739
1861	20262690	1.26963662457895
188	20261017	1.26981602453656
1828	20262657	1.27004909783721
426	20261255	1.2709820678467
215	20261044	1.27130869912989
1490	20262319	1.27535288465059
998	20261827	1.27588456257081
759	20261588	1.27616980872903
1406	20262235	1.27646524517514
1710	20262539	1.27701892414639
1522	20262351	1.27752028242456
326	20261155	1.2775515891259
571	20261400	1.27787304728463
990	20261819	1.2803000445374
151	20260980	1.2807693460478
1901	20262730	1.28133438665491
198	20261027	1.28160447771338
1732	20262561	1.28172766144493
79	20260908	1.2823929028121
1123	20261952	1.28348475763225
1257	20262086	1.28385952354336
23	20260852	1.28388306285005
288	20261117	1.28608263738155
1485	20262314	1.28725252519012
1147	20261976	1.28740707992191
1058	20261887	1.28744391207402
896	20261725	1.28896440633541
1699	20262528	1.28935370205583
895	20261724	1.28946457868422
291	20261120	1.28952627876906
526	20261355	1.28982637060974
555	20261384	1.28991507946649
1690	20262519	1.29021100149305
1445	20262274	1.29389205701966
640	20261469	1.29453145283736
1255	20262084	1.29525320658351
301	20261130	1.29587924393987
671	20261500	1.29915365295076
1647	20262476	1.29922485755596
1253	20262082	1.29937642027745
1428	20262257	1.29947544455071
502	20261331	1.30026621234536
913	20261742	1.30186341395582
7	20260836	1.30369517608804
1580	20262409	1.30604296900442
199	20261028	1.30843443189868
1307	20262136	1.31044826068312
1036	20261865	1.31066369647809
702	20261531	1.31120935301126
861	20261690	1.31298447249704
95	20260924	1.31314199653223
1705	20262534	1.31411365150561
1866	20262695	1.31720202292021
1218	20262047	1.31732607670796
872	20261701	1.31868101505352
601	20261430	1.31868536915633
790	20261619	1.31886657519489
1731	20262560	1.32001962695136
1316	20262145	1.32025455736751
933	20261762	1.32317235701989
877	20261706	1.32401430762613
1480	20262309	1.32670587048659
757	20261586	1.33022204642236
1709	20262538	1.33101847423895
1667	20262496	1.33195994414144
848	20261677	1.33242213055824
1435	20262264	1.33259933995914
1425	20262254	1.33300796871896
1730	20262559	1.33368536803675
766	20261595	1.33374338221824
370	20261199	1.33404565517308
354	20261183	1.33570168998669
667	20261496	1.33667435472626
968	20261797	1.33900231958025
1010	20261839	1.33935024344006
200	20261029	1.33954500681002
436	20261265	1.340740541298
1367	20262196	1.34124971800536
851	20261680	1.34224921021486
1387	20262216	1.34302248833935
924	20261753	1.34569888665751
688	20261517	1.34682360101604
912	20261741	1.34730191501051
1860	20262689	1.34821090686368
1598	20262427	1.35155185564266
245	20261074	1.3544881547314
256	20261085	1.35486063710663
492	20261321	1.35491579253196
1646	20262475	1.35718604449623
1626	20262455	1.35827475516685
1993	20262822	1.35940363288365
1357	20262186	1.36033512081085
1836	20262665	1.36099500775156
946	20261775	1.36181042704082
1624	20262453	1.3649166442737
249	20261078	1.36661720023629
1760	20262589	1.36848648028816
852	20261681	1.36934112115629
882	20261711	1.37026340585489
754	20261583	1.37039013279311
824	20261653	1.37307889307078
1497	20262326	1.37314522584329
1115	20261944	1.37428541416141
254	20261083	1.37616540223105
386	20261215	1.37824109913796
1673	20262502	1.37985811124274
76	20260905	1.38074177527634
1758	20262587	1.38094849342316
835	20261664	1.38412022440689
251	20261080	1.38454319737033
13	20260842	1.38576210444439
1002	20261831	1.38612604533463
1900	20262729	1.39114390022227
280	20261109	1.39148500215471
4	20260833	1.39484147294113
311	20261140	1.39669144266049
963	20261792	1.39710056644331
81	20260910	1.40341265609351
1459	20262288	1.40356036487402
826	20261655	1.40539766189956
180	20261009	1.40556738117365
1555	20262384	1.40789050502737
219	20261048	1.40846603721414
1707	20262536	1.41080996806402
18	20260847	1.41127443801669
1071	20261900	1.4120617509275
1482	20262311	1.41272361066978
193	20261022	1.41290964826607
434	20261263	1.41308223442184
1441	20262270	1.4138581629899
1388	20262217	1.41396786313149
153	20260982	1.41636365610462
331	20261160	1.41797689745241
679	20261508	1.42280049857446
1502	20262331	1.42296802729184
322	20261151	1.42687650040088
659	20261488	1.42937367492458
1801	20262630	1.42983398964451
1380	20262209	1.43018129335271
1328	20262157	1.4306991220923
701	20261530	1.43183851409566
480	20261309	1.43391986158196
1252	20262081	1.43426598880336
1990	20262819	1.43490133181002
1396	20262225	1.43755238474054
1665	20262494	1.44395338211755
1633	20262462	1.44454309178733
1320	20262149	1.44455327263267
1603	20262432	1.45285237303993
227	20261056	1.45499324893945
82	20260911	1.45644323248867
1995	20262824	1.45670697775768
1095	20261924	1.45672182344015
1981	20262810	1.46218848357634
1199	20262028	1.4624354249427
1962	20262791	1.46328935733641
524	20261353	1.46362964837272
1413	20262242	1.46787536003068
84	20260913	1.47036303003403
1693	20262522	1.4705192751607
1674	20262503	1.47267281431149
1334	20262163	1.47764946537614
1773	20262602	1.48212179830177
1768	20262597	1.48655312113564
863	20261692	1.49064980351258
786	20261615	1.49239471390355
1876	20262705	1.49259730084154
1293	20262122	1.49637873627805
1143	20261972	1.49647010370388
1323	20262152	1.50377504792491
1928	20262757	1.50513899576785
1848	20262677	1.50909448187435
187	20261016	1.51049980970343
892	20261721	1.51143395619971
902	20261731	1.51222237615959
1454	20262283	1.51477986166503
1542	20262371	1.51679557158888
884	20261713	1.51878405630271
1076	20261905	1.51976673002818
472	20261301	1.52277172430558
1121	20261950	1.52520121340683
1575	20262404	1.53287477661956
1120	20261949	1.53518571467693
1634	20262463	1.53567521115741
161	20260990	1.53606651182884
957	20261786	1.5376708512398
1842	20262671	1.53798765400396
118	20260947	1.5380698409081
1	20260830	1.53954248856898
309	20261138	1.540249212344
782	20261611	1.54185493655437
437	20261266	1.54226640948898
216	20261045	1.54694546056142
787	20261616	1.54891711734867
298	20261127	1.54959385492286
582	20261411	1.55756483682581
692	20261521	1.55834660970447
241	20261070	1.55897984533841
1031	20261860	1.56024024808468
750	20261579	1.5613991265837
1759	20262588	1.56290148186055
550	20261379	1.5674830053234
1588	20262417	1.57265087655135
1919	20262748	1.57435381381518
355	20261184	1.57461321442393
1499	20262328	1.58097935245039
708	20261537	1.58218825352524
1431	20262260	1.58523426733695
1018	20261847	1.58709105898367
1198	20262027	1.59280097458288
554	20261383	1.59295533857013
1877	20262706	1.60881047979753
1089	20261918	1.61070528952572
1041	20261870	1.61469693659819
1156	20261985	1.62163060708023
475	20261304	1.62191387099434
274	20261103	1.62547420248843
479	20261308	1.63922046841071
644	20261473	1.64461227831331
723	20261552	1.64627849397226
1092	20261921	1.65147256307599
620	20261449	1.66825819058992
45	20260874	1.68178433831204
268	20261097	1.68383955353848
564	20261393	1.68710814393235
1581	20262410	1.69908132878633
1885	20262714	1.70113250064428
985	20261814	1.70368186128991
714	20261543	1.7101533547977
349	20261178	1.71250144900585
1272	20262101	1.72392445650325
630	20261459	1.74076474441951
867	20261696	1.74545111889816
652	20261481	1.75210437477971
398	20261227	1.75570621138855
1181	20262010	1.77623642461881
1069	20261898	1.83059242547478
1450	20262279	1.85478318852725
981	20261810	1.86526334646159
1091	20261920	1.89058814709096
1415	20262244	1.89407364591954
1519	20262348	1.89588057226849
1133	20261962	1.90173187786936
945	20261774	1.96581396644598
1813	20262642	2.01835534896946
50	20260879	2.33702382674106
