comparison	repeat_id	fold	sample_id
ARS_vs_HC	1	1	ARS-6
ARS_vs_HC	1	1	ARS-8
ARS_vs_HC	1	1	ARS-16
ARS_vs_HC	1	1	ARS-23
ARS_vs_HC	1	1	ARS-27
ARS_vs_HC	1	1	ARS-28
ARS_vs_HC	1	1	ARS-36
ARS_vs_HC	1	1	ARS-38
ARS_vs_HC	1	1	ARS-50
ARS_vs_HC	1	1	HC-8
ARS_vs_HC	1	1	HC-17
ARS_vs_HC	1	1	HC-19
ARS_vs_HC	1	1	HC-26
ARS_vs_HC	1	1	HC-34
ARS_vs_HC	1	1	HC-39
ARS_vs_HC	1	1	HC-43
ARS_vs_HC	1	2	ARS-3
ARS_vs_HC	1	2	ARS-9
ARS_vs_HC	1	2	ARS-19
ARS_vs_HC	1	2	ARS-20
ARS_vs_HC	1	2	ARS-25
ARS_vs_HC	1	2	ARS-34
ARS_vs_HC	1	2	ARS-35
ARS_vs_HC	1	2	ARS-49
ARS_vs_HC	1	2	HC-14
ARS_vs_HC	1	2	HC-18
ARS_vs_HC	1	2	HC-21
ARS_vs_HC	1	2	HC-29
ARS_vs_HC	1	2	HC-33
ARS_vs_HC	1	2	HC-40
ARS_vs_HC	1	2	HC-49
ARS_vs_HC	1	3	ARS-4
ARS_vs_HC	1	3	ARS-13
ARS_vs_HC	1	3	ARS-14
ARS_vs_HC	1	3	ARS-32
ARS_vs_HC	1	3	ARS-45
ARS_vs_HC	1	3	ARS-47
ARS_vs_HC	1	3	HC-3
ARS_vs_HC	1	3	HC-15
ARS_vs_HC	1	3	HC-16
ARS_vs_HC	1	3	HC-23
ARS_vs_HC	1	3	HC-32
ARS_vs_HC	1	3	HC-36
ARS_vs_HC	1	3	HC-55
ARS_vs_HC	1	4	ARS-7
ARS_vs_HC	1	4	ARS-11
ARS_vs_HC	1	4	ARS-15
ARS_vs_HC	1	4	ARS-31
ARS_vs_HC	1	4	ARS-37
ARS_vs_HC	1	4	ARS-44
ARS_vs_HC	1	4	HC-5
ARS_vs_HC	1	4	HC-11
ARS_vs_HC	1	4	HC-13
ARS_vs_HC	1	4	HC-28
ARS_vs_HC	1	4	HC-45
ARS_vs_HC	1	4	HC-46
ARS_vs_HC	1	4	HC-48
ARS_vs_HC	1	5	ARS-1
ARS_vs_HC	1	5	ARS-22
ARS_vs_HC	1	5	ARS-26
ARS_vs_HC	1	5	ARS-33
ARS_vs_HC	1	5	ARS-40
ARS_vs_HC	1	5	ARS-42
ARS_vs_HC	1	5	HC-4
ARS_vs_HC	1	5	HC-9
ARS_vs_HC	1	5	HC-22
ARS_vs_HC	1	5	HC-25
ARS_vs_HC	1	5	HC-35
ARS_vs_HC	1	5	HC-37
ARS_vs_HC	1	5	HC-42
ARS_vs_HC	2	1	ARS-3
ARS_vs_HC	2	1	ARS-9
ARS_vs_HC	2	1	ARS-14
ARS_vs_HC	2	1	ARS-20
ARS_vs_HC	2	1	ARS-25
ARS_vs_HC	2	1	ARS-31
ARS_vs_HC	2	1	ARS-36
ARS_vs_HC	2	1	ARS-45
ARS_vs_HC	2	1	ARS-49
ARS_vs_HC	2	1	HC-9
ARS_vs_HC	2	1	HC-13
ARS_vs_HC	2	1	HC-23
ARS_vs_HC	2	1	HC-26
ARS_vs_HC	2	1	HC-39
ARS_vs_HC	2	1	HC-45
ARS_vs_HC	2	1	HC-55
ARS_vs_HC	2	2	ARS-1
ARS_vs_HC	2	2	ARS-8
ARS_vs_HC	2	2	ARS-13
ARS_vs_HC	2	2	ARS-15
ARS_vs_HC	2	2	ARS-27
ARS_vs_HC	2	2	ARS-32
ARS_vs_HC	2	2	ARS-35
ARS_vs_HC	2	2	ARS-38
ARS_vs_HC	2	2	HC-4
ARS_vs_HC	2	2	HC-22
ARS_vs_HC	2	2	HC-25
ARS_vs_HC	2	2	HC-29
ARS_vs_HC	2	2	HC-32
ARS_vs_HC	2	2	HC-34
ARS_vs_HC	2	2	HC-43
ARS_vs_HC	2	3	ARS-7
ARS_vs_HC	2	3	ARS-19
ARS_vs_HC	2	3	ARS-22
ARS_vs_HC	2	3	ARS-28
ARS_vs_HC	2	3	ARS-42
ARS_vs_HC	2	3	ARS-50
ARS_vs_HC	2	3	HC-8
ARS_vs_HC	2	3	HC-15
ARS_vs_HC	2	3	HC-19
ARS_vs_HC	2	3	HC-28
ARS_vs_HC	2	3	HC-35
ARS_vs_HC	2	3	HC-46
ARS_vs_HC	2	3	HC-48
ARS_vs_HC	2	4	ARS-4
ARS_vs_HC	2	4	ARS-11
ARS_vs_HC	2	4	ARS-23
ARS_vs_HC	2	4	ARS-33
ARS_vs_HC	2	4	ARS-37
ARS_vs_HC	2	4	ARS-44
ARS_vs_HC	2	4	HC-3
ARS_vs_HC	2	4	HC-11
ARS_vs_HC	2	4	HC-17
ARS_vs_HC	2	4	HC-21
ARS_vs_HC	2	4	HC-33
ARS_vs_HC	2	4	HC-36
ARS_vs_HC	2	4	HC-40
ARS_vs_HC	2	5	ARS-6
ARS_vs_HC	2	5	ARS-16
ARS_vs_HC	2	5	ARS-26
ARS_vs_HC	2	5	ARS-34
ARS_vs_HC	2	5	ARS-40
ARS_vs_HC	2	5	ARS-47
ARS_vs_HC	2	5	HC-5
ARS_vs_HC	2	5	HC-14
ARS_vs_HC	2	5	HC-16
ARS_vs_HC	2	5	HC-18
ARS_vs_HC	2	5	HC-37
ARS_vs_HC	2	5	HC-42
ARS_vs_HC	2	5	HC-49
ARS_vs_HC	3	1	ARS-1
ARS_vs_HC	3	1	ARS-8
ARS_vs_HC	3	1	ARS-11
ARS_vs_HC	3	1	ARS-20
ARS_vs_HC	3	1	ARS-22
ARS_vs_HC	3	1	ARS-32
ARS_vs_HC	3	1	ARS-35
ARS_vs_HC	3	1	ARS-36
ARS_vs_HC	3	1	ARS-37
ARS_vs_HC	3	1	HC-4
ARS_vs_HC	3	1	HC-5
ARS_vs_HC	3	1	HC-8
ARS_vs_HC	3	1	HC-18
ARS_vs_HC	3	1	HC-39
ARS_vs_HC	3	1	HC-40
ARS_vs_HC	3	1	HC-55
ARS_vs_HC	3	2	ARS-3
ARS_vs_HC	3	2	ARS-6
ARS_vs_HC	3	2	ARS-16
ARS_vs_HC	3	2	ARS-19
ARS_vs_HC	3	2	ARS-27
ARS_vs_HC	3	2	ARS-28
ARS_vs_HC	3	2	ARS-38
ARS_vs_HC	3	2	ARS-40
ARS_vs_HC	3	2	HC-16
ARS_vs_HC	3	2	HC-17
ARS_vs_HC	3	2	HC-25
ARS_vs_HC	3	2	HC-26
ARS_vs_HC	3	2	HC-35
ARS_vs_HC	3	2	HC-46
ARS_vs_HC	3	2	HC-49
ARS_vs_HC	3	3	ARS-9
ARS_vs_HC	3	3	ARS-25
ARS_vs_HC	3	3	ARS-26
ARS_vs_HC	3	3	ARS-34
ARS_vs_HC	3	3	ARS-42
ARS_vs_HC	3	3	ARS-50
ARS_vs_HC	3	3	HC-11
ARS_vs_HC	3	3	HC-14
ARS_vs_HC	3	3	HC-19
ARS_vs_HC	3	3	HC-22
ARS_vs_HC	3	3	HC-34
ARS_vs_HC	3	3	HC-36
ARS_vs_HC	3	3	HC-45
ARS_vs_HC	3	4	ARS-7
ARS_vs_HC	3	4	ARS-13
ARS_vs_HC	3	4	ARS-14
ARS_vs_HC	3	4	ARS-33
ARS_vs_HC	3	4	ARS-44
ARS_vs_HC	3	4	ARS-49
ARS_vs_HC	3	4	HC-3
ARS_vs_HC	3	4	HC-23
ARS_vs_HC	3	4	HC-28
ARS_vs_HC	3	4	HC-29
ARS_vs_HC	3	4	HC-32
ARS_vs_HC	3	4	HC-37
ARS_vs_HC	3	4	HC-42
ARS_vs_HC	3	5	ARS-4
ARS_vs_HC	3	5	ARS-15
ARS_vs_HC	3	5	ARS-23
ARS_vs_HC	3	5	ARS-31
ARS_vs_HC	3	5	ARS-45
ARS_vs_HC	3	5	ARS-47
ARS_vs_HC	3	5	HC-9
ARS_vs_HC	3	5	HC-13
ARS_vs_HC	3	5	HC-15
ARS_vs_HC	3	5	HC-21
ARS_vs_HC	3	5	HC-33
ARS_vs_HC	3	5	HC-43
ARS_vs_HC	3	5	HC-48
ARS_vs_HC	4	1	ARS-7
ARS_vs_HC	4	1	ARS-8
ARS_vs_HC	4	1	ARS-13
ARS_vs_HC	4	1	ARS-23
ARS_vs_HC	4	1	ARS-25
ARS_vs_HC	4	1	ARS-33
ARS_vs_HC	4	1	ARS-35
ARS_vs_HC	4	1	ARS-49
ARS_vs_HC	4	1	ARS-50
ARS_vs_HC	4	1	HC-8
ARS_vs_HC	4	1	HC-11
ARS_vs_HC	4	1	HC-18
ARS_vs_HC	4	1	HC-23
ARS_vs_HC	4	1	HC-32
ARS_vs_HC	4	1	HC-39
ARS_vs_HC	4	1	HC-48
ARS_vs_HC	4	2	ARS-3
ARS_vs_HC	4	2	ARS-6
ARS_vs_HC	4	2	ARS-14
ARS_vs_HC	4	2	ARS-15
ARS_vs_HC	4	2	ARS-26
ARS_vs_HC	4	2	ARS-32
ARS_vs_HC	4	2	ARS-38
ARS_vs_HC	4	2	ARS-42
ARS_vs_HC	4	2	HC-3
ARS_vs_HC	4	2	HC-9
ARS_vs_HC	4	2	HC-19
ARS_vs_HC	4	2	HC-22
ARS_vs_HC	4	2	HC-33
ARS_vs_HC	4	2	HC-43
ARS_vs_HC	4	2	HC-55
ARS_vs_HC	4	3	ARS-1
ARS_vs_HC	4	3	ARS-16
ARS_vs_HC	4	3	ARS-19
ARS_vs_HC	4	3	ARS-31
ARS_vs_HC	4	3	ARS-45
ARS_vs_HC	4	3	ARS-47
ARS_vs_HC	4	3	HC-5
ARS_vs_HC	4	3	HC-13
ARS_vs_HC	4	3	HC-17
ARS_vs_HC	4	3	HC-26
ARS_vs_HC	4	3	HC-36
ARS_vs_HC	4	3	HC-37
ARS_vs_HC	4	3	HC-40
ARS_vs_HC	4	4	ARS-4
ARS_vs_HC	4	4	ARS-11
ARS_vs_HC	4	4	ARS-20
ARS_vs_HC	4	4	ARS-34
ARS_vs_HC	4	4	ARS-37
ARS_vs_HC	4	4	ARS-44
ARS_vs_HC	4	4	HC-4
ARS_vs_HC	4	4	HC-15
ARS_vs_HC	4	4	HC-16
ARS_vs_HC	4	4	HC-25
ARS_vs_HC	4	4	HC-45
ARS_vs_HC	4	4	HC-46
ARS_vs_HC	4	4	HC-49
ARS_vs_HC	4	5	ARS-9
ARS_vs_HC	4	5	ARS-22
ARS_vs_HC	4	5	ARS-27
ARS_vs_HC	4	5	ARS-28
ARS_vs_HC	4	5	ARS-36
ARS_vs_HC	4	5	ARS-40
ARS_vs_HC	4	5	HC-14
ARS_vs_HC	4	5	HC-21
ARS_vs_HC	4	5	HC-28
ARS_vs_HC	4	5	HC-29
ARS_vs_HC	4	5	HC-34
ARS_vs_HC	4	5	HC-35
ARS_vs_HC	4	5	HC-42
ARS_vs_HC	5	1	ARS-1
ARS_vs_HC	5	1	ARS-6
ARS_vs_HC	5	1	ARS-16
ARS_vs_HC	5	1	ARS-22
ARS_vs_HC	5	1	ARS-26
ARS_vs_HC	5	1	ARS-28
ARS_vs_HC	5	1	ARS-40
ARS_vs_HC	5	1	ARS-44
ARS_vs_HC	5	1	ARS-49
ARS_vs_HC	5	1	HC-8
ARS_vs_HC	5	1	HC-15
ARS_vs_HC	5	1	HC-18
ARS_vs_HC	5	1	HC-19
ARS_vs_HC	5	1	HC-33
ARS_vs_HC	5	1	HC-43
ARS_vs_HC	5	1	HC-48
ARS_vs_HC	5	2	ARS-3
ARS_vs_HC	5	2	ARS-9
ARS_vs_HC	5	2	ARS-13
ARS_vs_HC	5	2	ARS-14
ARS_vs_HC	5	2	ARS-15
ARS_vs_HC	5	2	ARS-33
ARS_vs_HC	5	2	ARS-35
ARS_vs_HC	5	2	ARS-42
ARS_vs_HC	5	2	HC-13
ARS_vs_HC	5	2	HC-22
ARS_vs_HC	5	2	HC-25
ARS_vs_HC	5	2	HC-29
ARS_vs_HC	5	2	HC-32
ARS_vs_HC	5	2	HC-35
ARS_vs_HC	5	2	HC-55
ARS_vs_HC	5	3	ARS-8
ARS_vs_HC	5	3	ARS-23
ARS_vs_HC	5	3	ARS-27
ARS_vs_HC	5	3	ARS-34
ARS_vs_HC	5	3	ARS-36
ARS_vs_HC	5	3	ARS-37
ARS_vs_HC	5	3	HC-3
ARS_vs_HC	5	3	HC-9
ARS_vs_HC	5	3	HC-23
ARS_vs_HC	5	3	HC-28
ARS_vs_HC	5	3	HC-37
ARS_vs_HC	5	3	HC-39
ARS_vs_HC	5	3	HC-46
ARS_vs_HC	5	4	ARS-7
ARS_vs_HC	5	4	ARS-19
ARS_vs_HC	5	4	ARS-25
ARS_vs_HC	5	4	ARS-31
ARS_vs_HC	5	4	ARS-45
ARS_vs_HC	5	4	ARS-47
ARS_vs_HC	5	4	HC-4
ARS_vs_HC	5	4	HC-16
ARS_vs_HC	5	4	HC-17
ARS_vs_HC	5	4	HC-21
ARS_vs_HC	5	4	HC-36
ARS_vs_HC	5	4	HC-40
ARS_vs_HC	5	4	HC-42
ARS_vs_HC	5	5	ARS-4
ARS_vs_HC	5	5	ARS-11
ARS_vs_HC	5	5	ARS-20
ARS_vs_HC	5	5	ARS-32
ARS_vs_HC	5	5	ARS-38
ARS_vs_HC	5	5	ARS-50
ARS_vs_HC	5	5	HC-5
ARS_vs_HC	5	5	HC-11
ARS_vs_HC	5	5	HC-14
ARS_vs_HC	5	5	HC-26
ARS_vs_HC	5	5	HC-34
ARS_vs_HC	5	5	HC-45
ARS_vs_HC	5	5	HC-49
ARS_vs_HC	6	1	ARS-7
ARS_vs_HC	6	1	ARS-8
ARS_vs_HC	6	1	ARS-14
ARS_vs_HC	6	1	ARS-19
ARS_vs_HC	6	1	ARS-27
ARS_vs_HC	6	1	ARS-32
ARS_vs_HC	6	1	ARS-35
ARS_vs_HC	6	1	ARS-36
ARS_vs_HC	6	1	ARS-45
ARS_vs_HC	6	1	HC-11
ARS_vs_HC	6	1	HC-18
ARS_vs_HC	6	1	HC-21
ARS_vs_HC	6	1	HC-23
ARS_vs_HC	6	1	HC-35
ARS_vs_HC	6	1	HC-43
ARS_vs_HC	6	1	HC-45
ARS_vs_HC	6	2	ARS-1
ARS_vs_HC	6	2	ARS-6
ARS_vs_HC	6	2	ARS-22
ARS_vs_HC	6	2	ARS-23
ARS_vs_HC	6	2	ARS-25
ARS_vs_HC	6	2	ARS-31
ARS_vs_HC	6	2	ARS-44
ARS_vs_HC	6	2	ARS-50
ARS_vs_HC	6	2	HC-8
ARS_vs_HC	6	2	HC-15
ARS_vs_HC	6	2	HC-17
ARS_vs_HC	6	2	HC-29
ARS_vs_HC	6	2	HC-34
ARS_vs_HC	6	2	HC-37
ARS_vs_HC	6	2	HC-40
ARS_vs_HC	6	3	ARS-4
ARS_vs_HC	6	3	ARS-11
ARS_vs_HC	6	3	ARS-16
ARS_vs_HC	6	3	ARS-33
ARS_vs_HC	6	3	ARS-38
ARS_vs_HC	6	3	ARS-42
ARS_vs_HC	6	3	HC-5
ARS_vs_HC	6	3	HC-14
ARS_vs_HC	6	3	HC-25
ARS_vs_HC	6	3	HC-26
ARS_vs_HC	6	3	HC-36
ARS_vs_HC	6	3	HC-46
ARS_vs_HC	6	3	HC-48
ARS_vs_HC	6	4	ARS-9
ARS_vs_HC	6	4	ARS-15
ARS_vs_HC	6	4	ARS-20
ARS_vs_HC	6	4	ARS-34
ARS_vs_HC	6	4	ARS-37
ARS_vs_HC	6	4	ARS-47
ARS_vs_HC	6	4	HC-9
ARS_vs_HC	6	4	HC-13
ARS_vs_HC	6	4	HC-19
ARS_vs_HC	6	4	HC-22
ARS_vs_HC	6	4	HC-33
ARS_vs_HC	6	4	HC-39
ARS_vs_HC	6	4	HC-55
ARS_vs_HC	6	5	ARS-3
ARS_vs_HC	6	5	ARS-13
ARS_vs_HC	6	5	ARS-26
ARS_vs_HC	6	5	ARS-28
ARS_vs_HC	6	5	ARS-40
ARS_vs_HC	6	5	ARS-49
ARS_vs_HC	6	5	HC-3
ARS_vs_HC	6	5	HC-4
ARS_vs_HC	6	5	HC-16
ARS_vs_HC	6	5	HC-28
ARS_vs_HC	6	5	HC-32
ARS_vs_HC	6	5	HC-42
ARS_vs_HC	6	5	HC-49
ARS_vs_HC	7	1	ARS-3
ARS_vs_HC	7	1	ARS-6
ARS_vs_HC	7	1	ARS-11
ARS_vs_HC	7	1	ARS-25
ARS_vs_HC	7	1	ARS-26
ARS_vs_HC	7	1	ARS-31
ARS_vs_HC	7	1	ARS-36
ARS_vs_HC	7	1	ARS-37
ARS_vs_HC	7	1	ARS-38
ARS_vs_HC	7	1	HC-4
ARS_vs_HC	7	1	HC-9
ARS_vs_HC	7	1	HC-14
ARS_vs_HC	7	1	HC-29
ARS_vs_HC	7	1	HC-32
ARS_vs_HC	7	1	HC-35
ARS_vs_HC	7	1	HC-37
ARS_vs_HC	7	2	ARS-4
ARS_vs_HC	7	2	ARS-9
ARS_vs_HC	7	2	ARS-13
ARS_vs_HC	7	2	ARS-15
ARS_vs_HC	7	2	ARS-19
ARS_vs_HC	7	2	ARS-34
ARS_vs_HC	7	2	ARS-47
ARS_vs_HC	7	2	ARS-49
ARS_vs_HC	7	2	HC-13
ARS_vs_HC	7	2	HC-21
ARS_vs_HC	7	2	HC-22
ARS_vs_HC	7	2	HC-25
ARS_vs_HC	7	2	HC-43
ARS_vs_HC	7	2	HC-48
ARS_vs_HC	7	2	HC-55
ARS_vs_HC	7	3	ARS-8
ARS_vs_HC	7	3	ARS-14
ARS_vs_HC	7	3	ARS-22
ARS_vs_HC	7	3	ARS-32
ARS_vs_HC	7	3	ARS-40
ARS_vs_HC	7	3	ARS-45
ARS_vs_HC	7	3	HC-11
ARS_vs_HC	7	3	HC-16
ARS_vs_HC	7	3	HC-17
ARS_vs_HC	7	3	HC-28
ARS_vs_HC	7	3	HC-39
ARS_vs_HC	7	3	HC-46
ARS_vs_HC	7	3	HC-49
ARS_vs_HC	7	4	ARS-1
ARS_vs_HC	7	4	ARS-20
ARS_vs_HC	7	4	ARS-23
ARS_vs_HC	7	4	ARS-28
ARS_vs_HC	7	4	ARS-44
ARS_vs_HC	7	4	ARS-50
ARS_vs_HC	7	4	HC-5
ARS_vs_HC	7	4	HC-8
ARS_vs_HC	7	4	HC-23
ARS_vs_HC	7	4	HC-26
ARS_vs_HC	7	4	HC-33
ARS_vs_HC	7	4	HC-40
ARS_vs_HC	7	4	HC-42
ARS_vs_HC	7	5	ARS-7
ARS_vs_HC	7	5	ARS-16
ARS_vs_HC	7	5	ARS-27
ARS_vs_HC	7	5	ARS-33
ARS_vs_HC	7	5	ARS-35
ARS_vs_HC	7	5	ARS-42
ARS_vs_HC	7	5	HC-3
ARS_vs_HC	7	5	HC-15
ARS_vs_HC	7	5	HC-18
ARS_vs_HC	7	5	HC-19
ARS_vs_HC	7	5	HC-34
ARS_vs_HC	7	5	HC-36
ARS_vs_HC	7	5	HC-45
ARS_vs_HC	8	1	ARS-1
ARS_vs_HC	8	1	ARS-9
ARS_vs_HC	8	1	ARS-22
ARS_vs_HC	8	1	ARS-23
ARS_vs_HC	8	1	ARS-26
ARS_vs_HC	8	1	ARS-31
ARS_vs_HC	8	1	ARS-37
ARS_vs_HC	8	1	ARS-40
ARS_vs_HC	8	1	ARS-47
ARS_vs_HC	8	1	HC-14
ARS_vs_HC	8	1	HC-17
ARS_vs_HC	8	1	HC-19
ARS_vs_HC	8	1	HC-29
ARS_vs_HC	8	1	HC-40
ARS_vs_HC	8	1	HC-45
ARS_vs_HC	8	1	HC-46
ARS_vs_HC	8	2	ARS-6
ARS_vs_HC	8	2	ARS-7
ARS_vs_HC	8	2	ARS-11
ARS_vs_HC	8	2	ARS-16
ARS_vs_HC	8	2	ARS-20
ARS_vs_HC	8	2	ARS-33
ARS_vs_HC	8	2	ARS-38
ARS_vs_HC	8	2	ARS-49
ARS_vs_HC	8	2	HC-3
ARS_vs_HC	8	2	HC-15
ARS_vs_HC	8	2	HC-23
ARS_vs_HC	8	2	HC-26
ARS_vs_HC	8	2	HC-32
ARS_vs_HC	8	2	HC-37
ARS_vs_HC	8	2	HC-42
ARS_vs_HC	8	3	ARS-3
ARS_vs_HC	8	3	ARS-14
ARS_vs_HC	8	3	ARS-19
ARS_vs_HC	8	3	ARS-28
ARS_vs_HC	8	3	ARS-42
ARS_vs_HC	8	3	ARS-50
ARS_vs_HC	8	3	HC-8
ARS_vs_HC	8	3	HC-16
ARS_vs_HC	8	3	HC-18
ARS_vs_HC	8	3	HC-22
ARS_vs_HC	8	3	HC-34
ARS_vs_HC	8	3	HC-35
ARS_vs_HC	8	3	HC-36
ARS_vs_HC	8	4	ARS-8
ARS_vs_HC	8	4	ARS-25
ARS_vs_HC	8	4	ARS-27
ARS_vs_HC	8	4	ARS-34
ARS_vs_HC	8	4	ARS-44
ARS_vs_HC	8	4	ARS-45
ARS_vs_HC	8	4	HC-4
ARS_vs_HC	8	4	HC-11
ARS_vs_HC	8	4	HC-21
ARS_vs_HC	8	4	HC-25
ARS_vs_HC	8	4	HC-43
ARS_vs_HC	8	4	HC-49
ARS_vs_HC	8	4	HC-55
ARS_vs_HC	8	5	ARS-4
ARS_vs_HC	8	5	ARS-13
ARS_vs_HC	8	5	ARS-15
ARS_vs_HC	8	5	ARS-32
ARS_vs_HC	8	5	ARS-35
ARS_vs_HC	8	5	ARS-36
ARS_vs_HC	8	5	HC-5
ARS_vs_HC	8	5	HC-9
ARS_vs_HC	8	5	HC-13
ARS_vs_HC	8	5	HC-28
ARS_vs_HC	8	5	HC-33
ARS_vs_HC	8	5	HC-39
ARS_vs_HC	8	5	HC-48
ARS_vs_HC	9	1	ARS-3
ARS_vs_HC	9	1	ARS-6
ARS_vs_HC	9	1	ARS-16
ARS_vs_HC	9	1	ARS-19
ARS_vs_HC	9	1	ARS-20
ARS_vs_HC	9	1	ARS-28
ARS_vs_HC	9	1	ARS-36
ARS_vs_HC	9	1	ARS-38
ARS_vs_HC	9	1	ARS-44
ARS_vs_HC	9	1	HC-3
ARS_vs_HC	9	1	HC-4
ARS_vs_HC	9	1	HC-26
ARS_vs_HC	9	1	HC-28
ARS_vs_HC	9	1	HC-32
ARS_vs_HC	9	1	HC-37
ARS_vs_HC	9	1	HC-39
ARS_vs_HC	9	2	ARS-1
ARS_vs_HC	9	2	ARS-8
ARS_vs_HC	9	2	ARS-14
ARS_vs_HC	9	2	ARS-25
ARS_vs_HC	9	2	ARS-27
ARS_vs_HC	9	2	ARS-32
ARS_vs_HC	9	2	ARS-37
ARS_vs_HC	9	2	ARS-40
ARS_vs_HC	9	2	HC-5
ARS_vs_HC	9	2	HC-13
ARS_vs_HC	9	2	HC-14
ARS_vs_HC	9	2	HC-15
ARS_vs_HC	9	2	HC-46
ARS_vs_HC	9	2	HC-49
ARS_vs_HC	9	2	HC-55
ARS_vs_HC	9	3	ARS-4
ARS_vs_HC	9	3	ARS-13
ARS_vs_HC	9	3	ARS-15
ARS_vs_HC	9	3	ARS-34
ARS_vs_HC	9	3	ARS-35
ARS_vs_HC	9	3	ARS-45
ARS_vs_HC	9	3	HC-8
ARS_vs_HC	9	3	HC-11
ARS_vs_HC	9	3	HC-22
ARS_vs_HC	9	3	HC-23
ARS_vs_HC	9	3	HC-33
ARS_vs_HC	9	3	HC-34
ARS_vs_HC	9	3	HC-35
ARS_vs_HC	9	4	ARS-9
ARS_vs_HC	9	4	ARS-11
ARS_vs_HC	9	4	ARS-23
ARS_vs_HC	9	4	ARS-31
ARS_vs_HC	9	4	ARS-42
ARS_vs_HC	9	4	ARS-50
ARS_vs_HC	9	4	HC-16
ARS_vs_HC	9	4	HC-17
ARS_vs_HC	9	4	HC-21
ARS_vs_HC	9	4	HC-29
ARS_vs_HC	9	4	HC-40
ARS_vs_HC	9	4	HC-42
ARS_vs_HC	9	4	HC-48
ARS_vs_HC	9	5	ARS-7
ARS_vs_HC	9	5	ARS-22
ARS_vs_HC	9	5	ARS-26
ARS_vs_HC	9	5	ARS-33
ARS_vs_HC	9	5	ARS-47
ARS_vs_HC	9	5	ARS-49
ARS_vs_HC	9	5	HC-9
ARS_vs_HC	9	5	HC-18
ARS_vs_HC	9	5	HC-19
ARS_vs_HC	9	5	HC-25
ARS_vs_HC	9	5	HC-36
ARS_vs_HC	9	5	HC-43
ARS_vs_HC	9	5	HC-45
ARS_vs_HC	10	1	ARS-4
ARS_vs_HC	10	1	ARS-6
ARS_vs_HC	10	1	ARS-11
ARS_vs_HC	10	1	ARS-15
ARS_vs_HC	10	1	ARS-22
ARS_vs_HC	10	1	ARS-28
ARS_vs_HC	10	1	ARS-35
ARS_vs_HC	10	1	ARS-40
ARS_vs_HC	10	1	ARS-42
ARS_vs_HC	10	1	HC-15
ARS_vs_HC	10	1	HC-19
ARS_vs_HC	10	1	HC-22
ARS_vs_HC	10	1	HC-25
ARS_vs_HC	10	1	HC-34
ARS_vs_HC	10	1	HC-43
ARS_vs_HC	10	1	HC-49
ARS_vs_HC	10	2	ARS-8
ARS_vs_HC	10	2	ARS-9
ARS_vs_HC	10	2	ARS-13
ARS_vs_HC	10	2	ARS-23
ARS_vs_HC	10	2	ARS-27
ARS_vs_HC	10	2	ARS-34
ARS_vs_HC	10	2	ARS-47
ARS_vs_HC	10	2	ARS-49
ARS_vs_HC	10	2	HC-4
ARS_vs_HC	10	2	HC-8
ARS_vs_HC	10	2	HC-23
ARS_vs_HC	10	2	HC-28
ARS_vs_HC	10	2	HC-37
ARS_vs_HC	10	2	HC-39
ARS_vs_HC	10	2	HC-55
ARS_vs_HC	10	3	ARS-7
ARS_vs_HC	10	3	ARS-20
ARS_vs_HC	10	3	ARS-26
ARS_vs_HC	10	3	ARS-32
ARS_vs_HC	10	3	ARS-36
ARS_vs_HC	10	3	ARS-44
ARS_vs_HC	10	3	HC-3
ARS_vs_HC	10	3	HC-11
ARS_vs_HC	10	3	HC-14
ARS_vs_HC	10	3	HC-21
ARS_vs_HC	10	3	HC-36
ARS_vs_HC	10	3	HC-42
ARS_vs_HC	10	3	HC-48
ARS_vs_HC	10	4	ARS-1
ARS_vs_HC	10	4	ARS-16
ARS_vs_HC	10	4	ARS-19
ARS_vs_HC	10	4	ARS-33
ARS_vs_HC	10	4	ARS-37
ARS_vs_HC	10	4	ARS-50
ARS_vs_HC	10	4	HC-9
ARS_vs_HC	10	4	HC-16
ARS_vs_HC	10	4	HC-26
ARS_vs_HC	10	4	HC-29
ARS_vs_HC	10	4	HC-32
ARS_vs_HC	10	4	HC-40
ARS_vs_HC	10	4	HC-46
ARS_vs_HC	10	5	ARS-3
ARS_vs_HC	10	5	ARS-14
ARS_vs_HC	10	5	ARS-25
ARS_vs_HC	10	5	ARS-31
ARS_vs_HC	10	5	ARS-38
ARS_vs_HC	10	5	ARS-45
ARS_vs_HC	10	5	HC-5
ARS_vs_HC	10	5	HC-13
ARS_vs_HC	10	5	HC-17
ARS_vs_HC	10	5	HC-18
ARS_vs_HC	10	5	HC-33
ARS_vs_HC	10	5	HC-35
ARS_vs_HC	10	5	HC-45
