repeat_id	outer_fold	sample_id	inner_fold
1	1	ARS-1	2
1	1	ARS-11	4
1	1	ARS-12	4
1	1	ARS-13	2
1	1	ARS-14	1
1	1	ARS-15	2
1	1	ARS-16	2
1	1	ARS-17	1
1	1	ARS-2	1
1	1	ARS-21	4
1	1	ARS-22	4
1	1	ARS-23	4
1	1	ARS-24	3
1	1	ARS-28	1
1	1	ARS-29	3
1	1	ARS-30	4
1	1	ARS-33	4
1	1	ARS-34	3
1	1	ARS-35	2
1	1	ARS-36	3
1	1	ARS-37	1
1	1	ARS-38	2
1	1	ARS-39	3
1	1	ARS-42	1
1	1	ARS-43	1
1	1	ARS-44	2
1	1	ARS-46	1
1	1	ARS-47	1
1	1	ARS-48	3
1	1	ARS-49	3
1	1	ARS-5	2
1	1	ARS-50	3
1	1	ARS-6	4
1	1	ARS-7	2
1	1	ARS-8	1
1	1	MDA5-1	3
1	1	MDA5-11	2
1	1	MDA5-12	4
1	1	MDA5-16	2
1	1	MDA5-17	4
1	1	MDA5-18	2
1	1	MDA5-2	3
1	1	MDA5-20	4
1	1	MDA5-21	1
1	1	MDA5-24	1
1	1	MDA5-25	3
1	1	MDA5-26	2
1	1	MDA5-29	3
1	1	MDA5-3	4
1	1	MDA5-31	1
1	1	MDA5-32	1
1	1	MDA5-36	3
1	1	MDA5-37	4
1	1	MDA5-38	1
1	1	MDA5-39	3
1	1	MDA5-4	1
1	1	MDA5-40	2
1	1	MDA5-42	3
1	1	MDA5-43	1
1	1	MDA5-44	4
1	1	MDA5-46	1
1	1	MDA5-47	2
1	1	MDA5-48	2
1	1	MDA5-49	1
1	1	MDA5-51	3
1	1	MDA5-52	2
1	1	MDA5-53	4
1	1	MDA5-6	4
1	2	ARS-1	2
1	2	ARS-13	2
1	2	ARS-14	1
1	2	ARS-16	4
1	2	ARS-17	4
1	2	ARS-19	2
1	2	ARS-20	3
1	2	ARS-21	1
1	2	ARS-22	4
1	2	ARS-24	3
1	2	ARS-26	1
1	2	ARS-27	3
1	2	ARS-28	1
1	2	ARS-29	3
1	2	ARS-31	1
1	2	ARS-35	2
1	2	ARS-36	1
1	2	ARS-37	1
1	2	ARS-39	2
1	2	ARS-4	2
1	2	ARS-40	3
1	2	ARS-41	1
1	2	ARS-42	3
1	2	ARS-43	4
1	2	ARS-44	1
1	2	ARS-45	3
1	2	ARS-46	4
1	2	ARS-47	2
1	2	ARS-48	3
1	2	ARS-49	4
1	2	ARS-5	4
1	2	ARS-50	1
1	2	ARS-7	2
1	2	ARS-8	2
1	2	ARS-9	4
1	2	MDA5-1	2
1	2	MDA5-11	2
1	2	MDA5-13	2
1	2	MDA5-16	2
1	2	MDA5-18	2
1	2	MDA5-2	1
1	2	MDA5-20	4
1	2	MDA5-21	4
1	2	MDA5-22	1
1	2	MDA5-23	4
1	2	MDA5-26	3
1	2	MDA5-27	3
1	2	MDA5-29	1
1	2	MDA5-3	3
1	2	MDA5-35	2
1	2	MDA5-36	2
1	2	MDA5-38	3
1	2	MDA5-39	1
1	2	MDA5-4	3
1	2	MDA5-40	1
1	2	MDA5-43	4
1	2	MDA5-44	3
1	2	MDA5-46	1
1	2	MDA5-47	4
1	2	MDA5-48	3
1	2	MDA5-49	4
1	2	MDA5-5	4
1	2	MDA5-51	3
1	2	MDA5-53	1
1	2	MDA5-55	1
1	2	MDA5-6	1
1	2	MDA5-8	4
1	2	MDA5-9	2
1	3	ARS-1	1
1	3	ARS-11	2
1	3	ARS-12	3
1	3	ARS-13	2
1	3	ARS-15	4
1	3	ARS-17	1
1	3	ARS-19	1
1	3	ARS-2	2
1	3	ARS-20	1
1	3	ARS-21	4
1	3	ARS-22	2
1	3	ARS-23	3
1	3	ARS-24	1
1	3	ARS-26	2
1	3	ARS-27	3
1	3	ARS-29	3
1	3	ARS-30	1
1	3	ARS-31	2
1	3	ARS-33	1
1	3	ARS-34	1
1	3	ARS-35	4
1	3	ARS-37	4
1	3	ARS-38	3
1	3	ARS-4	4
1	3	ARS-40	1
1	3	ARS-41	2
1	3	ARS-43	4
1	3	ARS-44	3
1	3	ARS-45	2
1	3	ARS-47	2
1	3	ARS-48	1
1	3	ARS-49	2
1	3	ARS-5	4
1	3	ARS-50	3
1	3	ARS-6	4
1	3	ARS-9	3
1	3	MDA5-12	2
1	3	MDA5-13	1
1	3	MDA5-17	2
1	3	MDA5-18	1
1	3	MDA5-2	4
1	3	MDA5-20	1
1	3	MDA5-21	2
1	3	MDA5-22	3
1	3	MDA5-23	1
1	3	MDA5-24	4
1	3	MDA5-25	1
1	3	MDA5-27	4
1	3	MDA5-29	1
1	3	MDA5-3	3
1	3	MDA5-31	2
1	3	MDA5-32	1
1	3	MDA5-35	4
1	3	MDA5-36	3
1	3	MDA5-37	4
1	3	MDA5-38	1
1	3	MDA5-39	4
1	3	MDA5-40	3
1	3	MDA5-42	2
1	3	MDA5-43	1
1	3	MDA5-44	3
1	3	MDA5-46	3
1	3	MDA5-47	2
1	3	MDA5-48	4
1	3	MDA5-5	4
1	3	MDA5-52	3
1	3	MDA5-53	2
1	3	MDA5-55	2
1	3	MDA5-8	2
1	3	MDA5-9	3
1	4	ARS-1	1
1	4	ARS-11	2
1	4	ARS-12	4
1	4	ARS-14	2
1	4	ARS-15	3
1	4	ARS-16	1
1	4	ARS-19	3
1	4	ARS-2	2
1	4	ARS-20	3
1	4	ARS-23	4
1	4	ARS-24	1
1	4	ARS-26	3
1	4	ARS-27	2
1	4	ARS-28	4
1	4	ARS-29	4
1	4	ARS-30	1
1	4	ARS-31	4
1	4	ARS-33	2
1	4	ARS-34	1
1	4	ARS-36	3
1	4	ARS-37	4
1	4	ARS-38	1
1	4	ARS-39	3
1	4	ARS-4	3
1	4	ARS-40	2
1	4	ARS-41	1
1	4	ARS-42	4
1	4	ARS-45	2
1	4	ARS-46	1
1	4	ARS-48	4
1	4	ARS-49	1
1	4	ARS-5	2
1	4	ARS-50	2
1	4	ARS-6	3
1	4	ARS-7	2
1	4	ARS-8	1
1	4	ARS-9	3
1	4	MDA5-1	4
1	4	MDA5-11	3
1	4	MDA5-12	4
1	4	MDA5-13	2
1	4	MDA5-16	2
1	4	MDA5-17	1
1	4	MDA5-18	3
1	4	MDA5-22	3
1	4	MDA5-23	4
1	4	MDA5-24	4
1	4	MDA5-25	1
1	4	MDA5-26	3
1	4	MDA5-27	2
1	4	MDA5-29	3
1	4	MDA5-31	2
1	4	MDA5-32	3
1	4	MDA5-35	2
1	4	MDA5-36	1
1	4	MDA5-37	3
1	4	MDA5-4	1
1	4	MDA5-40	1
1	4	MDA5-42	2
1	4	MDA5-43	2
1	4	MDA5-47	3
1	4	MDA5-48	1
1	4	MDA5-49	2
1	4	MDA5-5	1
1	4	MDA5-51	1
1	4	MDA5-52	2
1	4	MDA5-53	1
1	4	MDA5-55	4
1	4	MDA5-6	4
1	4	MDA5-8	4
1	4	MDA5-9	4
1	5	ARS-11	1
1	5	ARS-12	2
1	5	ARS-13	2
1	5	ARS-14	1
1	5	ARS-15	3
1	5	ARS-16	3
1	5	ARS-17	4
1	5	ARS-19	3
1	5	ARS-2	1
1	5	ARS-20	2
1	5	ARS-21	2
1	5	ARS-22	1
1	5	ARS-23	1
1	5	ARS-26	2
1	5	ARS-27	1
1	5	ARS-28	2
1	5	ARS-30	2
1	5	ARS-31	4
1	5	ARS-33	3
1	5	ARS-34	1
1	5	ARS-35	4
1	5	ARS-36	2
1	5	ARS-38	4
1	5	ARS-39	4
1	5	ARS-4	3
1	5	ARS-40	4
1	5	ARS-41	1
1	5	ARS-42	1
1	5	ARS-43	2
1	5	ARS-44	3
1	5	ARS-45	4
1	5	ARS-46	3
1	5	ARS-47	4
1	5	ARS-6	3
1	5	ARS-7	1
1	5	ARS-8	3
1	5	ARS-9	2
1	5	MDA5-1	4
1	5	MDA5-11	2
1	5	MDA5-12	2
1	5	MDA5-13	2
1	5	MDA5-16	1
1	5	MDA5-17	1
1	5	MDA5-2	3
1	5	MDA5-20	3
1	5	MDA5-21	1
1	5	MDA5-22	1
1	5	MDA5-23	4
1	5	MDA5-24	3
1	5	MDA5-25	4
1	5	MDA5-26	2
1	5	MDA5-27	2
1	5	MDA5-3	2
1	5	MDA5-31	3
1	5	MDA5-32	1
1	5	MDA5-35	4
1	5	MDA5-37	1
1	5	MDA5-38	2
1	5	MDA5-39	3
1	5	MDA5-4	1
1	5	MDA5-42	1
1	5	MDA5-44	1
1	5	MDA5-46	4
1	5	MDA5-49	2
1	5	MDA5-5	3
1	5	MDA5-51	4
1	5	MDA5-52	3
1	5	MDA5-55	3
1	5	MDA5-6	4
1	5	MDA5-8	4
1	5	MDA5-9	2
2	1	ARS-1	1
2	1	ARS-11	3
2	1	ARS-12	1
2	1	ARS-13	1
2	1	ARS-14	1
2	1	ARS-15	3
2	1	ARS-19	4
2	1	ARS-2	2
2	1	ARS-20	1
2	1	ARS-21	4
2	1	ARS-22	4
2	1	ARS-24	4
2	1	ARS-26	2
2	1	ARS-27	2
2	1	ARS-28	3
2	1	ARS-30	4
2	1	ARS-31	3
2	1	ARS-33	1
2	1	ARS-36	4
2	1	ARS-37	1
2	1	ARS-39	1
2	1	ARS-4	3
2	1	ARS-40	3
2	1	ARS-41	2
2	1	ARS-43	2
2	1	ARS-44	2
2	1	ARS-45	2
2	1	ARS-46	1
2	1	ARS-48	1
2	1	ARS-49	2
2	1	ARS-5	4
2	1	ARS-50	2
2	1	ARS-6	3
2	1	ARS-7	4
2	1	ARS-9	3
2	1	MDA5-1	3
2	1	MDA5-11	3
2	1	MDA5-12	2
2	1	MDA5-13	1
2	1	MDA5-16	1
2	1	MDA5-17	4
2	1	MDA5-18	1
2	1	MDA5-2	1
2	1	MDA5-21	3
2	1	MDA5-22	4
2	1	MDA5-23	3
2	1	MDA5-24	4
2	1	MDA5-25	3
2	1	MDA5-26	4
2	1	MDA5-27	3
2	1	MDA5-3	2
2	1	MDA5-31	1
2	1	MDA5-32	1
2	1	MDA5-35	2
2	1	MDA5-37	4
2	1	MDA5-38	2
2	1	MDA5-39	1
2	1	MDA5-40	1
2	1	MDA5-42	2
2	1	MDA5-44	2
2	1	MDA5-46	3
2	1	MDA5-47	4
2	1	MDA5-48	4
2	1	MDA5-49	4
2	1	MDA5-51	2
2	1	MDA5-53	2
2	1	MDA5-6	3
2	1	MDA5-8	1
2	2	ARS-1	1
2	2	ARS-11	1
2	2	ARS-13	2
2	2	ARS-15	4
2	2	ARS-16	4
2	2	ARS-17	3
2	2	ARS-19	2
2	2	ARS-2	1
2	2	ARS-20	4
2	2	ARS-21	1
2	2	ARS-23	3
2	2	ARS-26	4
2	2	ARS-27	1
2	2	ARS-28	3
2	2	ARS-29	4
2	2	ARS-30	3
2	2	ARS-33	1
2	2	ARS-34	1
2	2	ARS-35	3
2	2	ARS-36	3
2	2	ARS-38	1
2	2	ARS-39	2
2	2	ARS-4	2
2	2	ARS-40	4
2	2	ARS-41	4
2	2	ARS-42	3
2	2	ARS-43	2
2	2	ARS-44	1
2	2	ARS-47	2
2	2	ARS-48	4
2	2	ARS-49	3
2	2	ARS-6	2
2	2	ARS-7	2
2	2	ARS-8	1
2	2	ARS-9	2
2	2	MDA5-11	2
2	2	MDA5-12	4
2	2	MDA5-13	1
2	2	MDA5-16	4
2	2	MDA5-17	1
2	2	MDA5-20	2
2	2	MDA5-21	1
2	2	MDA5-22	2
2	2	MDA5-23	4
2	2	MDA5-24	4
2	2	MDA5-25	2
2	2	MDA5-26	1
2	2	MDA5-27	1
2	2	MDA5-29	3
2	2	MDA5-3	2
2	2	MDA5-31	3
2	2	MDA5-35	3
2	2	MDA5-36	1
2	2	MDA5-37	1
2	2	MDA5-4	2
2	2	MDA5-42	2
2	2	MDA5-43	3
2	2	MDA5-44	2
2	2	MDA5-46	3
2	2	MDA5-48	4
2	2	MDA5-49	3
2	2	MDA5-5	1
2	2	MDA5-51	1
2	2	MDA5-52	4
2	2	MDA5-55	4
2	2	MDA5-6	3
2	2	MDA5-8	4
2	2	MDA5-9	3
2	3	ARS-11	3
2	3	ARS-12	1
2	3	ARS-13	1
2	3	ARS-14	4
2	3	ARS-15	4
2	3	ARS-16	1
2	3	ARS-17	2
2	3	ARS-19	1
2	3	ARS-2	1
2	3	ARS-20	3
2	3	ARS-21	2
2	3	ARS-22	4
2	3	ARS-23	1
2	3	ARS-24	3
2	3	ARS-26	3
2	3	ARS-27	2
2	3	ARS-28	3
2	3	ARS-29	4
2	3	ARS-31	4
2	3	ARS-34	2
2	3	ARS-35	2
2	3	ARS-37	3
2	3	ARS-38	2
2	3	ARS-39	3
2	3	ARS-4	4
2	3	ARS-41	1
2	3	ARS-42	2
2	3	ARS-43	4
2	3	ARS-45	4
2	3	ARS-46	2
2	3	ARS-47	1
2	3	ARS-49	3
2	3	ARS-5	1
2	3	ARS-50	2
2	3	ARS-7	1
2	3	ARS-8	2
2	3	MDA5-1	3
2	3	MDA5-12	1
2	3	MDA5-13	4
2	3	MDA5-16	4
2	3	MDA5-17	2
2	3	MDA5-18	1
2	3	MDA5-2	4
2	3	MDA5-20	4
2	3	MDA5-21	4
2	3	MDA5-23	2
2	3	MDA5-24	3
2	3	MDA5-25	1
2	3	MDA5-26	2
2	3	MDA5-27	3
2	3	MDA5-29	3
2	3	MDA5-3	2
2	3	MDA5-32	3
2	3	MDA5-35	1
2	3	MDA5-36	2
2	3	MDA5-38	2
2	3	MDA5-39	1
2	3	MDA5-4	4
2	3	MDA5-40	4
2	3	MDA5-43	1
2	3	MDA5-44	1
2	3	MDA5-47	2
2	3	MDA5-48	3
2	3	MDA5-5	1
2	3	MDA5-51	4
2	3	MDA5-52	2
2	3	MDA5-53	2
2	3	MDA5-55	3
2	3	MDA5-6	3
2	3	MDA5-9	1
2	4	ARS-1	1
2	4	ARS-12	3
2	4	ARS-14	1
2	4	ARS-15	1
2	4	ARS-16	1
2	4	ARS-17	3
2	4	ARS-19	4
2	4	ARS-21	2
2	4	ARS-22	4
2	4	ARS-23	3
2	4	ARS-24	2
2	4	ARS-27	1
2	4	ARS-28	1
2	4	ARS-29	4
2	4	ARS-30	3
2	4	ARS-31	2
2	4	ARS-33	3
2	4	ARS-34	2
2	4	ARS-35	3
2	4	ARS-36	1
2	4	ARS-37	4
2	4	ARS-38	2
2	4	ARS-39	2
2	4	ARS-40	1
2	4	ARS-42	1
2	4	ARS-43	2
2	4	ARS-44	2
2	4	ARS-45	2
2	4	ARS-46	4
2	4	ARS-47	4
2	4	ARS-48	3
2	4	ARS-5	4
2	4	ARS-50	2
2	4	ARS-6	3
2	4	ARS-7	4
2	4	ARS-8	3
2	4	ARS-9	1
2	4	MDA5-1	1
2	4	MDA5-11	1
2	4	MDA5-12	3
2	4	MDA5-16	3
2	4	MDA5-18	4
2	4	MDA5-2	4
2	4	MDA5-20	1
2	4	MDA5-21	4
2	4	MDA5-22	2
2	4	MDA5-23	2
2	4	MDA5-25	2
2	4	MDA5-27	3
2	4	MDA5-29	2
2	4	MDA5-31	1
2	4	MDA5-32	1
2	4	MDA5-36	2
2	4	MDA5-37	1
2	4	MDA5-38	2
2	4	MDA5-39	4
2	4	MDA5-4	1
2	4	MDA5-40	2
2	4	MDA5-42	2
2	4	MDA5-43	1
2	4	MDA5-46	1
2	4	MDA5-47	2
2	4	MDA5-48	3
2	4	MDA5-49	4
2	4	MDA5-5	3
2	4	MDA5-52	3
2	4	MDA5-53	3
2	4	MDA5-55	3
2	4	MDA5-6	4
2	4	MDA5-8	4
2	4	MDA5-9	4
2	5	ARS-1	4
2	5	ARS-11	2
2	5	ARS-12	3
2	5	ARS-13	2
2	5	ARS-14	3
2	5	ARS-16	1
2	5	ARS-17	4
2	5	ARS-2	1
2	5	ARS-20	1
2	5	ARS-22	3
2	5	ARS-23	3
2	5	ARS-24	1
2	5	ARS-26	1
2	5	ARS-29	3
2	5	ARS-30	3
2	5	ARS-31	2
2	5	ARS-33	4
2	5	ARS-34	4
2	5	ARS-35	4
2	5	ARS-36	3
2	5	ARS-37	4
2	5	ARS-38	2
2	5	ARS-4	2
2	5	ARS-40	2
2	5	ARS-41	1
2	5	ARS-42	4
2	5	ARS-44	1
2	5	ARS-45	1
2	5	ARS-46	3
2	5	ARS-47	4
2	5	ARS-48	2
2	5	ARS-49	1
2	5	ARS-5	1
2	5	ARS-50	2
2	5	ARS-6	3
2	5	ARS-8	2
2	5	ARS-9	2
2	5	MDA5-1	1
2	5	MDA5-11	1
2	5	MDA5-13	1
2	5	MDA5-17	1
2	5	MDA5-18	4
2	5	MDA5-2	2
2	5	MDA5-20	2
2	5	MDA5-22	2
2	5	MDA5-24	4
2	5	MDA5-26	2
2	5	MDA5-29	4
2	5	MDA5-3	4
2	5	MDA5-31	2
2	5	MDA5-32	3
2	5	MDA5-35	1
2	5	MDA5-36	4
2	5	MDA5-37	3
2	5	MDA5-38	3
2	5	MDA5-39	1
2	5	MDA5-4	2
2	5	MDA5-40	4
2	5	MDA5-42	2
2	5	MDA5-43	3
2	5	MDA5-44	4
2	5	MDA5-46	3
2	5	MDA5-47	3
2	5	MDA5-49	1
2	5	MDA5-5	3
2	5	MDA5-51	1
2	5	MDA5-52	1
2	5	MDA5-53	4
2	5	MDA5-55	3
2	5	MDA5-8	2
2	5	MDA5-9	2
3	1	ARS-1	1
3	1	ARS-11	2
3	1	ARS-12	3
3	1	ARS-14	1
3	1	ARS-15	4
3	1	ARS-16	3
3	1	ARS-19	2
3	1	ARS-2	3
3	1	ARS-20	4
3	1	ARS-21	2
3	1	ARS-24	4
3	1	ARS-27	2
3	1	ARS-28	4
3	1	ARS-29	3
3	1	ARS-30	2
3	1	ARS-31	2
3	1	ARS-33	2
3	1	ARS-34	3
3	1	ARS-35	1
3	1	ARS-36	3
3	1	ARS-37	4
3	1	ARS-38	1
3	1	ARS-4	2
3	1	ARS-40	3
3	1	ARS-41	1
3	1	ARS-42	4
3	1	ARS-43	3
3	1	ARS-45	1
3	1	ARS-46	1
3	1	ARS-47	4
3	1	ARS-48	1
3	1	ARS-49	1
3	1	ARS-5	1
3	1	ARS-7	2
3	1	ARS-8	4
3	1	MDA5-11	4
3	1	MDA5-12	1
3	1	MDA5-16	3
3	1	MDA5-17	1
3	1	MDA5-18	1
3	1	MDA5-2	1
3	1	MDA5-20	3
3	1	MDA5-21	3
3	1	MDA5-23	4
3	1	MDA5-24	2
3	1	MDA5-25	3
3	1	MDA5-26	2
3	1	MDA5-29	4
3	1	MDA5-3	2
3	1	MDA5-31	1
3	1	MDA5-35	3
3	1	MDA5-36	1
3	1	MDA5-37	1
3	1	MDA5-38	3
3	1	MDA5-39	2
3	1	MDA5-4	4
3	1	MDA5-42	2
3	1	MDA5-43	3
3	1	MDA5-44	1
3	1	MDA5-48	4
3	1	MDA5-49	3
3	1	MDA5-5	2
3	1	MDA5-51	1
3	1	MDA5-52	4
3	1	MDA5-55	4
3	1	MDA5-6	2
3	1	MDA5-8	2
3	1	MDA5-9	4
3	2	ARS-1	2
3	2	ARS-12	1
3	2	ARS-13	2
3	2	ARS-14	1
3	2	ARS-15	3
3	2	ARS-16	3
3	2	ARS-17	2
3	2	ARS-19	2
3	2	ARS-2	4
3	2	ARS-22	2
3	2	ARS-23	3
3	2	ARS-26	4
3	2	ARS-27	1
3	2	ARS-31	1
3	2	ARS-33	3
3	2	ARS-34	2
3	2	ARS-35	4
3	2	ARS-36	2
3	2	ARS-37	4
3	2	ARS-38	3
3	2	ARS-39	1
3	2	ARS-4	1
3	2	ARS-40	4
3	2	ARS-42	3
3	2	ARS-44	1
3	2	ARS-45	1
3	2	ARS-46	2
3	2	ARS-47	1
3	2	ARS-49	4
3	2	ARS-5	3
3	2	ARS-50	1
3	2	ARS-6	2
3	2	ARS-7	4
3	2	ARS-8	4
3	2	ARS-9	3
3	2	MDA5-1	1
3	2	MDA5-11	1
3	2	MDA5-13	1
3	2	MDA5-16	3
3	2	MDA5-17	1
3	2	MDA5-18	1
3	2	MDA5-2	2
3	2	MDA5-20	4
3	2	MDA5-22	3
3	2	MDA5-23	4
3	2	MDA5-24	1
3	2	MDA5-25	2
3	2	MDA5-26	4
3	2	MDA5-27	1
3	2	MDA5-29	2
3	2	MDA5-3	1
3	2	MDA5-31	4
3	2	MDA5-32	2
3	2	MDA5-35	1
3	2	MDA5-37	2
3	2	MDA5-38	3
3	2	MDA5-39	3
3	2	MDA5-40	3
3	2	MDA5-42	2
3	2	MDA5-46	2
3	2	MDA5-47	2
3	2	MDA5-48	4
3	2	MDA5-5	4
3	2	MDA5-51	4
3	2	MDA5-52	3
3	2	MDA5-53	3
3	2	MDA5-55	3
3	2	MDA5-9	4
3	3	ARS-11	1
3	3	ARS-12	3
3	3	ARS-13	3
3	3	ARS-14	3
3	3	ARS-17	2
3	3	ARS-19	1
3	3	ARS-20	1
3	3	ARS-21	4
3	3	ARS-22	1
3	3	ARS-23	2
3	3	ARS-24	4
3	3	ARS-26	2
3	3	ARS-27	4
3	3	ARS-28	2
3	3	ARS-29	4
3	3	ARS-30	4
3	3	ARS-31	1
3	3	ARS-35	2
3	3	ARS-36	3
3	3	ARS-37	1
3	3	ARS-38	2
3	3	ARS-39	2
3	3	ARS-4	1
3	3	ARS-40	1
3	3	ARS-41	1
3	3	ARS-43	4
3	3	ARS-44	4
3	3	ARS-45	2
3	3	ARS-46	3
3	3	ARS-47	3
3	3	ARS-48	3
3	3	ARS-49	2
3	3	ARS-50	1
3	3	ARS-6	4
3	3	ARS-8	3
3	3	ARS-9	2
3	3	MDA5-1	4
3	3	MDA5-11	3
3	3	MDA5-12	2
3	3	MDA5-13	2
3	3	MDA5-16	1
3	3	MDA5-17	3
3	3	MDA5-2	1
3	3	MDA5-20	4
3	3	MDA5-21	1
3	3	MDA5-22	1
3	3	MDA5-23	1
3	3	MDA5-24	4
3	3	MDA5-26	2
3	3	MDA5-27	3
3	3	MDA5-31	3
3	3	MDA5-32	2
3	3	MDA5-36	4
3	3	MDA5-4	2
3	3	MDA5-40	1
3	3	MDA5-42	1
3	3	MDA5-43	1
3	3	MDA5-44	2
3	3	MDA5-46	1
3	3	MDA5-47	3
3	3	MDA5-48	4
3	3	MDA5-49	4
3	3	MDA5-5	2
3	3	MDA5-51	4
3	3	MDA5-52	2
3	3	MDA5-53	2
3	3	MDA5-55	3
3	3	MDA5-6	3
3	3	MDA5-8	4
3	3	MDA5-9	3
3	4	ARS-1	1
3	4	ARS-11	2
3	4	ARS-13	1
3	4	ARS-14	2
3	4	ARS-15	3
3	4	ARS-16	1
3	4	ARS-17	1
3	4	ARS-19	3
3	4	ARS-2	2
3	4	ARS-20	2
3	4	ARS-21	4
3	4	ARS-22	4
3	4	ARS-23	3
3	4	ARS-24	3
3	4	ARS-26	3
3	4	ARS-28	1
3	4	ARS-29	3
3	4	ARS-30	2
3	4	ARS-31	4
3	4	ARS-33	4
3	4	ARS-34	1
3	4	ARS-35	2
3	4	ARS-39	3
3	4	ARS-4	3
3	4	ARS-40	1
3	4	ARS-41	2
3	4	ARS-42	1
3	4	ARS-43	2
3	4	ARS-44	4
3	4	ARS-46	4
3	4	ARS-48	3
3	4	ARS-49	4
3	4	ARS-5	2
3	4	ARS-50	1
3	4	ARS-6	1
3	4	ARS-7	2
3	4	ARS-9	4
3	4	MDA5-1	3
3	4	MDA5-11	2
3	4	MDA5-12	3
3	4	MDA5-13	2
3	4	MDA5-16	3
3	4	MDA5-17	3
3	4	MDA5-18	2
3	4	MDA5-2	2
3	4	MDA5-20	2
3	4	MDA5-21	4
3	4	MDA5-22	1
3	4	MDA5-24	1
3	4	MDA5-25	1
3	4	MDA5-26	1
3	4	MDA5-27	1
3	4	MDA5-29	3
3	4	MDA5-3	1
3	4	MDA5-31	2
3	4	MDA5-32	4
3	4	MDA5-35	3
3	4	MDA5-36	4
3	4	MDA5-37	1
3	4	MDA5-38	4
3	4	MDA5-39	1
3	4	MDA5-4	4
3	4	MDA5-40	2
3	4	MDA5-43	4
3	4	MDA5-44	3
3	4	MDA5-46	1
3	4	MDA5-47	4
3	4	MDA5-49	2
3	4	MDA5-53	3
3	4	MDA5-6	2
3	4	MDA5-8	4
3	5	ARS-1	1
3	5	ARS-11	1
3	5	ARS-12	4
3	5	ARS-13	4
3	5	ARS-15	1
3	5	ARS-16	3
3	5	ARS-17	2
3	5	ARS-2	2
3	5	ARS-20	3
3	5	ARS-21	2
3	5	ARS-22	4
3	5	ARS-23	3
3	5	ARS-24	4
3	5	ARS-26	4
3	5	ARS-27	1
3	5	ARS-28	2
3	5	ARS-29	2
3	5	ARS-30	4
3	5	ARS-33	3
3	5	ARS-34	3
3	5	ARS-36	2
3	5	ARS-37	3
3	5	ARS-38	3
3	5	ARS-39	1
3	5	ARS-41	2
3	5	ARS-42	2
3	5	ARS-43	1
3	5	ARS-44	1
3	5	ARS-45	4
3	5	ARS-47	2
3	5	ARS-48	4
3	5	ARS-5	3
3	5	ARS-50	2
3	5	ARS-6	1
3	5	ARS-7	1
3	5	ARS-8	1
3	5	ARS-9	3
3	5	MDA5-1	2
3	5	MDA5-12	1
3	5	MDA5-13	3
3	5	MDA5-18	2
3	5	MDA5-21	4
3	5	MDA5-22	1
3	5	MDA5-23	2
3	5	MDA5-25	1
3	5	MDA5-27	4
3	5	MDA5-29	3
3	5	MDA5-3	1
3	5	MDA5-32	2
3	5	MDA5-35	2
3	5	MDA5-36	1
3	5	MDA5-37	1
3	5	MDA5-38	2
3	5	MDA5-39	1
3	5	MDA5-4	3
3	5	MDA5-40	1
3	5	MDA5-42	4
3	5	MDA5-43	2
3	5	MDA5-44	4
3	5	MDA5-46	3
3	5	MDA5-47	3
3	5	MDA5-48	4
3	5	MDA5-49	4
3	5	MDA5-5	4
3	5	MDA5-51	3
3	5	MDA5-52	4
3	5	MDA5-53	2
3	5	MDA5-55	3
3	5	MDA5-6	1
3	5	MDA5-8	3
3	5	MDA5-9	2
4	1	ARS-11	4
4	1	ARS-13	4
4	1	ARS-14	2
4	1	ARS-15	1
4	1	ARS-17	4
4	1	ARS-2	3
4	1	ARS-20	1
4	1	ARS-22	1
4	1	ARS-23	1
4	1	ARS-24	2
4	1	ARS-26	1
4	1	ARS-27	4
4	1	ARS-28	2
4	1	ARS-29	3
4	1	ARS-31	2
4	1	ARS-33	2
4	1	ARS-34	2
4	1	ARS-35	3
4	1	ARS-36	2
4	1	ARS-37	3
4	1	ARS-39	1
4	1	ARS-4	4
4	1	ARS-40	4
4	1	ARS-41	1
4	1	ARS-44	3
4	1	ARS-45	1
4	1	ARS-46	1
4	1	ARS-47	4
4	1	ARS-48	3
4	1	ARS-49	1
4	1	ARS-5	3
4	1	ARS-50	4
4	1	ARS-6	3
4	1	ARS-8	2
4	1	ARS-9	2
4	1	MDA5-1	3
4	1	MDA5-11	2
4	1	MDA5-12	1
4	1	MDA5-13	1
4	1	MDA5-17	1
4	1	MDA5-18	2
4	1	MDA5-2	2
4	1	MDA5-20	1
4	1	MDA5-21	3
4	1	MDA5-23	4
4	1	MDA5-24	3
4	1	MDA5-25	1
4	1	MDA5-26	4
4	1	MDA5-27	2
4	1	MDA5-29	1
4	1	MDA5-3	4
4	1	MDA5-31	4
4	1	MDA5-32	1
4	1	MDA5-35	4
4	1	MDA5-37	3
4	1	MDA5-38	4
4	1	MDA5-39	2
4	1	MDA5-40	3
4	1	MDA5-43	3
4	1	MDA5-46	3
4	1	MDA5-47	2
4	1	MDA5-5	1
4	1	MDA5-51	4
4	1	MDA5-52	2
4	1	MDA5-53	1
4	1	MDA5-55	3
4	1	MDA5-6	4
4	1	MDA5-8	2
4	2	ARS-1	2
4	2	ARS-11	2
4	2	ARS-12	3
4	2	ARS-13	1
4	2	ARS-14	1
4	2	ARS-15	1
4	2	ARS-16	4
4	2	ARS-17	4
4	2	ARS-19	3
4	2	ARS-2	3
4	2	ARS-20	2
4	2	ARS-21	1
4	2	ARS-22	1
4	2	ARS-23	3
4	2	ARS-26	3
4	2	ARS-27	2
4	2	ARS-28	1
4	2	ARS-30	4
4	2	ARS-34	4
4	2	ARS-35	1
4	2	ARS-36	2
4	2	ARS-38	4
4	2	ARS-4	1
4	2	ARS-40	1
4	2	ARS-41	2
4	2	ARS-42	4
4	2	ARS-43	3
4	2	ARS-44	2
4	2	ARS-45	3
4	2	ARS-48	1
4	2	ARS-50	2
4	2	ARS-6	4
4	2	ARS-7	4
4	2	ARS-8	2
4	2	ARS-9	3
4	2	MDA5-1	3
4	2	MDA5-12	1
4	2	MDA5-13	4
4	2	MDA5-16	3
4	2	MDA5-18	3
4	2	MDA5-2	2
4	2	MDA5-20	2
4	2	MDA5-21	1
4	2	MDA5-22	3
4	2	MDA5-23	2
4	2	MDA5-24	2
4	2	MDA5-25	2
4	2	MDA5-26	4
4	2	MDA5-29	4
4	2	MDA5-31	3
4	2	MDA5-32	2
4	2	MDA5-35	4
4	2	MDA5-36	3
4	2	MDA5-37	1
4	2	MDA5-4	3
4	2	MDA5-40	4
4	2	MDA5-42	1
4	2	MDA5-43	2
4	2	MDA5-44	4
4	2	MDA5-46	1
4	2	MDA5-48	3
4	2	MDA5-49	1
4	2	MDA5-5	1
4	2	MDA5-51	4
4	2	MDA5-52	1
4	2	MDA5-53	4
4	2	MDA5-6	1
4	2	MDA5-9	2
4	3	ARS-1	3
4	3	ARS-11	3
4	3	ARS-12	2
4	3	ARS-13	1
4	3	ARS-14	1
4	3	ARS-16	2
4	3	ARS-19	3
4	3	ARS-2	2
4	3	ARS-21	4
4	3	ARS-22	2
4	3	ARS-24	3
4	3	ARS-26	3
4	3	ARS-27	4
4	3	ARS-28	2
4	3	ARS-29	2
4	3	ARS-30	2
4	3	ARS-31	1
4	3	ARS-33	4
4	3	ARS-35	4
4	3	ARS-37	3
4	3	ARS-38	1
4	3	ARS-39	4
4	3	ARS-40	2
4	3	ARS-41	1
4	3	ARS-42	1
4	3	ARS-43	1
4	3	ARS-44	3
4	3	ARS-46	4
4	3	ARS-47	2
4	3	ARS-49	4
4	3	ARS-5	2
4	3	ARS-50	1
4	3	ARS-6	1
4	3	ARS-7	3
4	3	ARS-8	4
4	3	ARS-9	1
4	3	MDA5-11	2
4	3	MDA5-12	3
4	3	MDA5-13	2
4	3	MDA5-16	3
4	3	MDA5-17	4
4	3	MDA5-18	4
4	3	MDA5-2	2
4	3	MDA5-21	1
4	3	MDA5-22	2
4	3	MDA5-23	2
4	3	MDA5-24	1
4	3	MDA5-25	4
4	3	MDA5-27	1
4	3	MDA5-29	3
4	3	MDA5-3	4
4	3	MDA5-31	1
4	3	MDA5-32	1
4	3	MDA5-35	3
4	3	MDA5-36	4
4	3	MDA5-37	3
4	3	MDA5-38	1
4	3	MDA5-39	2
4	3	MDA5-4	2
4	3	MDA5-42	2
4	3	MDA5-44	1
4	3	MDA5-46	1
4	3	MDA5-47	4
4	3	MDA5-48	3
4	3	MDA5-49	1
4	3	MDA5-51	4
4	3	MDA5-55	3
4	3	MDA5-6	2
4	3	MDA5-8	4
4	3	MDA5-9	3
4	4	ARS-1	1
4	4	ARS-12	2
4	4	ARS-14	3
4	4	ARS-15	2
4	4	ARS-16	3
4	4	ARS-17	3
4	4	ARS-19	2
4	4	ARS-2	1
4	4	ARS-20	4
4	4	ARS-21	2
4	4	ARS-23	2
4	4	ARS-24	3
4	4	ARS-28	2
4	4	ARS-29	1
4	4	ARS-30	4
4	4	ARS-31	3
4	4	ARS-33	4
4	4	ARS-34	4
4	4	ARS-35	2
4	4	ARS-36	2
4	4	ARS-37	3
4	4	ARS-38	3
4	4	ARS-39	4
4	4	ARS-4	1
4	4	ARS-40	2
4	4	ARS-42	1
4	4	ARS-43	1
4	4	ARS-45	1
4	4	ARS-46	3
4	4	ARS-47	1
4	4	ARS-48	4
4	4	ARS-49	3
4	4	ARS-5	1
4	4	ARS-50	2
4	4	ARS-7	4
4	4	ARS-8	4
4	4	ARS-9	1
4	4	MDA5-1	2
4	4	MDA5-11	4
4	4	MDA5-12	4
4	4	MDA5-16	3
4	4	MDA5-17	2
4	4	MDA5-18	1
4	4	MDA5-2	2
4	4	MDA5-20	3
4	4	MDA5-22	1
4	4	MDA5-26	4
4	4	MDA5-27	1
4	4	MDA5-3	2
4	4	MDA5-31	3
4	4	MDA5-35	1
4	4	MDA5-36	2
4	4	MDA5-37	3
4	4	MDA5-38	2
4	4	MDA5-39	3
4	4	MDA5-4	1
4	4	MDA5-40	2
4	4	MDA5-42	2
4	4	MDA5-43	4
4	4	MDA5-44	4
4	4	MDA5-47	4
4	4	MDA5-48	1
4	4	MDA5-49	4
4	4	MDA5-5	4
4	4	MDA5-51	1
4	4	MDA5-52	1
4	4	MDA5-53	3
4	4	MDA5-55	3
4	4	MDA5-6	2
4	4	MDA5-8	3
4	4	MDA5-9	1
4	5	ARS-1	3
4	5	ARS-11	2
4	5	ARS-12	2
4	5	ARS-13	1
4	5	ARS-15	1
4	5	ARS-16	3
4	5	ARS-17	1
4	5	ARS-19	3
4	5	ARS-20	4
4	5	ARS-21	3
4	5	ARS-22	4
4	5	ARS-23	2
4	5	ARS-24	4
4	5	ARS-26	2
4	5	ARS-27	1
4	5	ARS-29	1
4	5	ARS-30	4
4	5	ARS-31	1
4	5	ARS-33	4
4	5	ARS-34	4
4	5	ARS-36	1
4	5	ARS-37	4
4	5	ARS-38	3
4	5	ARS-39	1
4	5	ARS-4	3
4	5	ARS-41	4
4	5	ARS-42	2
4	5	ARS-43	1
4	5	ARS-44	2
4	5	ARS-45	2
4	5	ARS-46	2
4	5	ARS-47	1
4	5	ARS-48	2
4	5	ARS-49	3
4	5	ARS-5	3
4	5	ARS-6	2
4	5	ARS-7	3
4	5	MDA5-1	1
4	5	MDA5-11	2
4	5	MDA5-13	2
4	5	MDA5-16	1
4	5	MDA5-17	2
4	5	MDA5-20	2
4	5	MDA5-21	4
4	5	MDA5-22	3
4	5	MDA5-23	2
4	5	MDA5-24	4
4	5	MDA5-25	3
4	5	MDA5-26	1
4	5	MDA5-27	3
4	5	MDA5-29	2
4	5	MDA5-3	3
4	5	MDA5-32	1
4	5	MDA5-36	1
4	5	MDA5-38	1
4	5	MDA5-39	2
4	5	MDA5-4	3
4	5	MDA5-40	1
4	5	MDA5-42	3
4	5	MDA5-43	1
4	5	MDA5-44	2
4	5	MDA5-46	4
4	5	MDA5-47	2
4	5	MDA5-48	3
4	5	MDA5-49	4
4	5	MDA5-5	4
4	5	MDA5-52	4
4	5	MDA5-53	4
4	5	MDA5-55	4
4	5	MDA5-8	1
4	5	MDA5-9	3
5	1	ARS-1	3
5	1	ARS-11	3
5	1	ARS-12	2
5	1	ARS-13	2
5	1	ARS-17	4
5	1	ARS-19	2
5	1	ARS-2	1
5	1	ARS-20	2
5	1	ARS-21	1
5	1	ARS-22	1
5	1	ARS-23	3
5	1	ARS-24	2
5	1	ARS-26	1
5	1	ARS-27	2
5	1	ARS-29	3
5	1	ARS-31	2
5	1	ARS-33	1
5	1	ARS-34	1
5	1	ARS-35	2
5	1	ARS-36	4
5	1	ARS-37	4
5	1	ARS-38	1
5	1	ARS-39	1
5	1	ARS-4	3
5	1	ARS-40	4
5	1	ARS-41	3
5	1	ARS-43	4
5	1	ARS-44	1
5	1	ARS-45	3
5	1	ARS-46	3
5	1	ARS-47	4
5	1	ARS-48	4
5	1	ARS-49	2
5	1	ARS-8	1
5	1	ARS-9	4
5	1	MDA5-1	2
5	1	MDA5-11	1
5	1	MDA5-12	4
5	1	MDA5-16	3
5	1	MDA5-17	1
5	1	MDA5-18	4
5	1	MDA5-21	3
5	1	MDA5-22	1
5	1	MDA5-24	3
5	1	MDA5-25	1
5	1	MDA5-26	1
5	1	MDA5-27	3
5	1	MDA5-3	2
5	1	MDA5-31	4
5	1	MDA5-32	2
5	1	MDA5-35	3
5	1	MDA5-36	1
5	1	MDA5-37	1
5	1	MDA5-38	1
5	1	MDA5-39	4
5	1	MDA5-4	3
5	1	MDA5-42	2
5	1	MDA5-43	4
5	1	MDA5-46	1
5	1	MDA5-47	2
5	1	MDA5-48	2
5	1	MDA5-5	4
5	1	MDA5-52	4
5	1	MDA5-53	3
5	1	MDA5-55	2
5	1	MDA5-6	3
5	1	MDA5-8	2
5	1	MDA5-9	4
5	2	ARS-11	3
5	2	ARS-12	2
5	2	ARS-13	4
5	2	ARS-14	1
5	2	ARS-15	2
5	2	ARS-16	2
5	2	ARS-17	4
5	2	ARS-19	4
5	2	ARS-2	2
5	2	ARS-21	2
5	2	ARS-22	1
5	2	ARS-26	4
5	2	ARS-27	3
5	2	ARS-28	2
5	2	ARS-30	1
5	2	ARS-31	1
5	2	ARS-33	3
5	2	ARS-35	1
5	2	ARS-37	3
5	2	ARS-38	4
5	2	ARS-4	2
5	2	ARS-41	1
5	2	ARS-42	3
5	2	ARS-43	4
5	2	ARS-44	1
5	2	ARS-46	1
5	2	ARS-47	3
5	2	ARS-48	1
5	2	ARS-49	3
5	2	ARS-5	1
5	2	ARS-50	3
5	2	ARS-6	2
5	2	ARS-7	4
5	2	ARS-8	4
5	2	ARS-9	2
5	2	MDA5-1	2
5	2	MDA5-12	4
5	2	MDA5-13	1
5	2	MDA5-2	1
5	2	MDA5-20	3
5	2	MDA5-21	3
5	2	MDA5-22	1
5	2	MDA5-23	3
5	2	MDA5-24	4
5	2	MDA5-26	2
5	2	MDA5-27	2
5	2	MDA5-29	2
5	2	MDA5-3	3
5	2	MDA5-31	4
5	2	MDA5-32	1
5	2	MDA5-35	4
5	2	MDA5-36	4
5	2	MDA5-37	2
5	2	MDA5-38	4
5	2	MDA5-39	1
5	2	MDA5-4	2
5	2	MDA5-40	1
5	2	MDA5-43	2
5	2	MDA5-44	3
5	2	MDA5-46	1
5	2	MDA5-47	4
5	2	MDA5-48	4
5	2	MDA5-49	3
5	2	MDA5-51	3
5	2	MDA5-53	2
5	2	MDA5-6	1
5	2	MDA5-8	1
5	2	MDA5-9	3
5	3	ARS-1	2
5	3	ARS-12	3
5	3	ARS-13	1
5	3	ARS-14	4
5	3	ARS-15	2
5	3	ARS-16	3
5	3	ARS-17	3
5	3	ARS-2	4
5	3	ARS-20	2
5	3	ARS-21	1
5	3	ARS-22	1
5	3	ARS-23	4
5	3	ARS-24	2
5	3	ARS-27	4
5	3	ARS-28	1
5	3	ARS-29	4
5	3	ARS-30	2
5	3	ARS-33	3
5	3	ARS-34	1
5	3	ARS-35	3
5	3	ARS-36	2
5	3	ARS-37	4
5	3	ARS-39	2
5	3	ARS-4	2
5	3	ARS-40	3
5	3	ARS-42	3
5	3	ARS-44	1
5	3	ARS-45	2
5	3	ARS-47	1
5	3	ARS-48	1
5	3	ARS-49	2
5	3	ARS-5	1
5	3	ARS-50	1
5	3	ARS-6	4
5	3	ARS-7	3
5	3	ARS-8	4
5	3	MDA5-1	2
5	3	MDA5-11	4
5	3	MDA5-13	2
5	3	MDA5-16	4
5	3	MDA5-17	2
5	3	MDA5-18	2
5	3	MDA5-2	1
5	3	MDA5-20	3
5	3	MDA5-21	1
5	3	MDA5-22	3
5	3	MDA5-23	1
5	3	MDA5-24	1
5	3	MDA5-25	3
5	3	MDA5-27	1
5	3	MDA5-29	4
5	3	MDA5-31	2
5	3	MDA5-32	1
5	3	MDA5-36	3
5	3	MDA5-37	3
5	3	MDA5-38	1
5	3	MDA5-39	1
5	3	MDA5-4	4
5	3	MDA5-40	4
5	3	MDA5-42	4
5	3	MDA5-43	4
5	3	MDA5-44	3
5	3	MDA5-46	3
5	3	MDA5-47	1
5	3	MDA5-48	3
5	3	MDA5-49	2
5	3	MDA5-5	4
5	3	MDA5-51	2
5	3	MDA5-52	2
5	3	MDA5-55	2
5	4	ARS-1	4
5	4	ARS-11	1
5	4	ARS-14	2
5	4	ARS-15	1
5	4	ARS-16	1
5	4	ARS-19	4
5	4	ARS-20	3
5	4	ARS-21	4
5	4	ARS-22	2
5	4	ARS-23	1
5	4	ARS-24	1
5	4	ARS-26	4
5	4	ARS-28	2
5	4	ARS-29	4
5	4	ARS-30	3
5	4	ARS-31	3
5	4	ARS-33	2
5	4	ARS-34	2
5	4	ARS-36	3
5	4	ARS-37	3
5	4	ARS-38	4
5	4	ARS-39	1
5	4	ARS-4	3
5	4	ARS-40	2
5	4	ARS-41	2
5	4	ARS-42	3
5	4	ARS-43	3
5	4	ARS-45	1
5	4	ARS-46	4
5	4	ARS-48	1
5	4	ARS-49	2
5	4	ARS-5	1
5	4	ARS-50	2
5	4	ARS-6	1
5	4	ARS-7	2
5	4	ARS-8	4
5	4	ARS-9	3
5	4	MDA5-1	3
5	4	MDA5-11	4
5	4	MDA5-12	1
5	4	MDA5-13	4
5	4	MDA5-16	3
5	4	MDA5-17	4
5	4	MDA5-18	1
5	4	MDA5-2	1
5	4	MDA5-20	2
5	4	MDA5-21	2
5	4	MDA5-23	4
5	4	MDA5-25	4
5	4	MDA5-26	2
5	4	MDA5-27	2
5	4	MDA5-29	3
5	4	MDA5-3	3
5	4	MDA5-35	2
5	4	MDA5-37	4
5	4	MDA5-39	3
5	4	MDA5-40	3
5	4	MDA5-42	1
5	4	MDA5-43	2
5	4	MDA5-44	1
5	4	MDA5-46	3
5	4	MDA5-47	2
5	4	MDA5-49	4
5	4	MDA5-5	2
5	4	MDA5-51	1
5	4	MDA5-52	1
5	4	MDA5-53	4
5	4	MDA5-55	1
5	4	MDA5-6	1
5	4	MDA5-8	2
5	4	MDA5-9	3
5	5	ARS-1	3
5	5	ARS-11	1
5	5	ARS-12	3
5	5	ARS-13	1
5	5	ARS-14	2
5	5	ARS-15	4
5	5	ARS-16	4
5	5	ARS-17	1
5	5	ARS-19	2
5	5	ARS-2	3
5	5	ARS-20	1
5	5	ARS-23	3
5	5	ARS-24	3
5	5	ARS-26	4
5	5	ARS-27	2
5	5	ARS-28	1
5	5	ARS-29	3
5	5	ARS-30	4
5	5	ARS-31	2
5	5	ARS-34	2
5	5	ARS-35	2
5	5	ARS-36	4
5	5	ARS-38	4
5	5	ARS-39	1
5	5	ARS-40	3
5	5	ARS-41	4
5	5	ARS-42	2
5	5	ARS-43	2
5	5	ARS-44	4
5	5	ARS-45	2
5	5	ARS-46	1
5	5	ARS-47	2
5	5	ARS-5	3
5	5	ARS-50	1
5	5	ARS-6	3
5	5	ARS-7	1
5	5	ARS-9	1
5	5	MDA5-11	1
5	5	MDA5-12	4
5	5	MDA5-13	3
5	5	MDA5-16	2
5	5	MDA5-17	2
5	5	MDA5-18	2
5	5	MDA5-2	2
5	5	MDA5-20	1
5	5	MDA5-22	3
5	5	MDA5-23	2
5	5	MDA5-24	1
5	5	MDA5-25	1
5	5	MDA5-26	1
5	5	MDA5-29	4
5	5	MDA5-3	4
5	5	MDA5-31	2
5	5	MDA5-32	3
5	5	MDA5-35	2
5	5	MDA5-36	3
5	5	MDA5-38	4
5	5	MDA5-4	1
5	5	MDA5-40	3
5	5	MDA5-42	1
5	5	MDA5-44	3
5	5	MDA5-48	3
5	5	MDA5-49	4
5	5	MDA5-5	1
5	5	MDA5-51	4
5	5	MDA5-52	2
5	5	MDA5-53	1
5	5	MDA5-55	4
5	5	MDA5-6	2
5	5	MDA5-8	4
5	5	MDA5-9	3
6	1	ARS-1	3
6	1	ARS-11	1
6	1	ARS-12	2
6	1	ARS-14	2
6	1	ARS-15	1
6	1	ARS-16	1
6	1	ARS-17	4
6	1	ARS-19	3
6	1	ARS-2	1
6	1	ARS-21	4
6	1	ARS-22	2
6	1	ARS-24	4
6	1	ARS-26	1
6	1	ARS-27	4
6	1	ARS-30	3
6	1	ARS-31	2
6	1	ARS-33	3
6	1	ARS-35	2
6	1	ARS-36	2
6	1	ARS-37	2
6	1	ARS-38	4
6	1	ARS-39	4
6	1	ARS-4	3
6	1	ARS-40	4
6	1	ARS-41	2
6	1	ARS-42	1
6	1	ARS-43	4
6	1	ARS-44	3
6	1	ARS-45	3
6	1	ARS-46	2
6	1	ARS-47	3
6	1	ARS-49	1
6	1	ARS-50	1
6	1	ARS-7	1
6	1	ARS-9	1
6	1	MDA5-1	4
6	1	MDA5-11	3
6	1	MDA5-12	1
6	1	MDA5-13	3
6	1	MDA5-16	3
6	1	MDA5-18	3
6	1	MDA5-2	1
6	1	MDA5-20	4
6	1	MDA5-21	3
6	1	MDA5-23	1
6	1	MDA5-25	2
6	1	MDA5-26	3
6	1	MDA5-27	3
6	1	MDA5-29	3
6	1	MDA5-31	2
6	1	MDA5-32	2
6	1	MDA5-36	4
6	1	MDA5-37	2
6	1	MDA5-38	2
6	1	MDA5-39	4
6	1	MDA5-4	1
6	1	MDA5-40	2
6	1	MDA5-43	1
6	1	MDA5-47	4
6	1	MDA5-48	4
6	1	MDA5-49	1
6	1	MDA5-5	1
6	1	MDA5-51	4
6	1	MDA5-52	4
6	1	MDA5-55	2
6	1	MDA5-6	1
6	1	MDA5-8	2
6	1	MDA5-9	1
6	2	ARS-13	3
6	2	ARS-14	3
6	2	ARS-15	2
6	2	ARS-16	1
6	2	ARS-17	1
6	2	ARS-19	3
6	2	ARS-2	2
6	2	ARS-20	3
6	2	ARS-21	2
6	2	ARS-22	2
6	2	ARS-23	3
6	2	ARS-24	3
6	2	ARS-27	1
6	2	ARS-28	1
6	2	ARS-29	4
6	2	ARS-30	3
6	2	ARS-31	1
6	2	ARS-33	4
6	2	ARS-34	4
6	2	ARS-35	1
6	2	ARS-36	4
6	2	ARS-37	1
6	2	ARS-38	2
6	2	ARS-40	2
6	2	ARS-41	1
6	2	ARS-42	1
6	2	ARS-44	1
6	2	ARS-46	2
6	2	ARS-48	4
6	2	ARS-49	4
6	2	ARS-5	4
6	2	ARS-50	4
6	2	ARS-6	3
6	2	ARS-7	2
6	2	ARS-8	2
6	2	MDA5-1	3
6	2	MDA5-11	1
6	2	MDA5-12	3
6	2	MDA5-13	3
6	2	MDA5-17	1
6	2	MDA5-18	1
6	2	MDA5-21	4
6	2	MDA5-22	1
6	2	MDA5-23	2
6	2	MDA5-24	4
6	2	MDA5-25	2
6	2	MDA5-26	4
6	2	MDA5-29	1
6	2	MDA5-3	3
6	2	MDA5-31	1
6	2	MDA5-32	1
6	2	MDA5-35	3
6	2	MDA5-36	2
6	2	MDA5-38	3
6	2	MDA5-39	3
6	2	MDA5-40	1
6	2	MDA5-42	4
6	2	MDA5-43	2
6	2	MDA5-44	4
6	2	MDA5-46	2
6	2	MDA5-47	2
6	2	MDA5-48	2
6	2	MDA5-52	2
6	2	MDA5-53	4
6	2	MDA5-55	4
6	2	MDA5-6	3
6	2	MDA5-8	4
6	2	MDA5-9	1
6	3	ARS-1	1
6	3	ARS-11	3
6	3	ARS-12	4
6	3	ARS-13	3
6	3	ARS-14	2
6	3	ARS-15	4
6	3	ARS-16	4
6	3	ARS-20	3
6	3	ARS-22	2
6	3	ARS-23	1
6	3	ARS-24	1
6	3	ARS-26	2
6	3	ARS-28	4
6	3	ARS-29	2
6	3	ARS-30	1
6	3	ARS-31	3
6	3	ARS-33	2
6	3	ARS-34	1
6	3	ARS-35	2
6	3	ARS-37	2
6	3	ARS-39	1
6	3	ARS-4	3
6	3	ARS-41	4
6	3	ARS-42	1
6	3	ARS-43	1
6	3	ARS-44	2
6	3	ARS-45	1
6	3	ARS-46	4
6	3	ARS-47	1
6	3	ARS-48	4
6	3	ARS-49	2
6	3	ARS-5	3
6	3	ARS-50	3
6	3	ARS-6	2
6	3	ARS-8	4
6	3	ARS-9	3
6	3	MDA5-1	4
6	3	MDA5-11	1
6	3	MDA5-12	4
6	3	MDA5-13	4
6	3	MDA5-16	3
6	3	MDA5-17	1
6	3	MDA5-2	1
6	3	MDA5-20	4
6	3	MDA5-22	4
6	3	MDA5-23	2
6	3	MDA5-24	2
6	3	MDA5-25	1
6	3	MDA5-26	2
6	3	MDA5-27	2
6	3	MDA5-3	4
6	3	MDA5-31	1
6	3	MDA5-32	1
6	3	MDA5-35	3
6	3	MDA5-37	2
6	3	MDA5-38	1
6	3	MDA5-39	2
6	3	MDA5-4	1
6	3	MDA5-42	1
6	3	MDA5-44	2
6	3	MDA5-46	3
6	3	MDA5-47	3
6	3	MDA5-48	3
6	3	MDA5-49	4
6	3	MDA5-5	4
6	3	MDA5-51	3
6	3	MDA5-53	2
6	3	MDA5-55	3
6	3	MDA5-8	3
6	3	MDA5-9	2
6	4	ARS-1	3
6	4	ARS-11	3
6	4	ARS-12	2
6	4	ARS-13	1
6	4	ARS-17	2
6	4	ARS-19	4
6	4	ARS-2	3
6	4	ARS-20	4
6	4	ARS-21	4
6	4	ARS-22	2
6	4	ARS-23	1
6	4	ARS-24	3
6	4	ARS-26	2
6	4	ARS-27	1
6	4	ARS-28	2
6	4	ARS-29	3
6	4	ARS-33	3
6	4	ARS-34	2
6	4	ARS-36	4
6	4	ARS-38	1
6	4	ARS-39	1
6	4	ARS-4	3
6	4	ARS-40	1
6	4	ARS-41	1
6	4	ARS-42	3
6	4	ARS-43	2
6	4	ARS-44	2
6	4	ARS-45	3
6	4	ARS-46	1
6	4	ARS-47	2
6	4	ARS-48	1
6	4	ARS-49	2
6	4	ARS-5	4
6	4	ARS-6	4
6	4	ARS-7	4
6	4	ARS-8	1
6	4	ARS-9	4
6	4	MDA5-12	2
6	4	MDA5-13	4
6	4	MDA5-16	1
6	4	MDA5-17	1
6	4	MDA5-18	1
6	4	MDA5-2	3
6	4	MDA5-20	4
6	4	MDA5-21	3
6	4	MDA5-22	2
6	4	MDA5-23	1
6	4	MDA5-24	3
6	4	MDA5-27	3
6	4	MDA5-29	2
6	4	MDA5-3	4
6	4	MDA5-35	1
6	4	MDA5-36	2
6	4	MDA5-37	1
6	4	MDA5-38	3
6	4	MDA5-4	3
6	4	MDA5-40	2
6	4	MDA5-42	2
6	4	MDA5-43	2
6	4	MDA5-44	1
6	4	MDA5-46	3
6	4	MDA5-48	2
6	4	MDA5-49	4
6	4	MDA5-5	3
6	4	MDA5-51	2
6	4	MDA5-52	4
6	4	MDA5-53	1
6	4	MDA5-55	4
6	4	MDA5-6	4
6	4	MDA5-8	1
6	4	MDA5-9	4
6	5	ARS-1	3
6	5	ARS-11	1
6	5	ARS-12	4
6	5	ARS-13	2
6	5	ARS-14	1
6	5	ARS-15	4
6	5	ARS-16	1
6	5	ARS-17	1
6	5	ARS-19	3
6	5	ARS-2	2
6	5	ARS-20	4
6	5	ARS-21	3
6	5	ARS-23	1
6	5	ARS-26	1
6	5	ARS-27	4
6	5	ARS-28	3
6	5	ARS-29	1
6	5	ARS-30	3
6	5	ARS-31	2
6	5	ARS-34	2
6	5	ARS-35	3
6	5	ARS-36	1
6	5	ARS-37	4
6	5	ARS-38	4
6	5	ARS-39	2
6	5	ARS-4	2
6	5	ARS-40	4
6	5	ARS-43	2
6	5	ARS-45	2
6	5	ARS-47	3
6	5	ARS-48	1
6	5	ARS-5	3
6	5	ARS-50	3
6	5	ARS-6	4
6	5	ARS-7	2
6	5	ARS-8	1
6	5	ARS-9	2
6	5	MDA5-1	3
6	5	MDA5-11	1
6	5	MDA5-16	3
6	5	MDA5-17	2
6	5	MDA5-18	4
6	5	MDA5-2	1
6	5	MDA5-20	3
6	5	MDA5-21	2
6	5	MDA5-22	1
6	5	MDA5-24	4
6	5	MDA5-25	4
6	5	MDA5-26	3
6	5	MDA5-27	2
6	5	MDA5-29	2
6	5	MDA5-3	2
6	5	MDA5-31	1
6	5	MDA5-32	2
6	5	MDA5-35	2
6	5	MDA5-36	4
6	5	MDA5-37	4
6	5	MDA5-39	3
6	5	MDA5-4	1
6	5	MDA5-40	1
6	5	MDA5-42	4
6	5	MDA5-43	3
6	5	MDA5-44	3
6	5	MDA5-46	1
6	5	MDA5-47	2
6	5	MDA5-49	1
6	5	MDA5-5	1
6	5	MDA5-51	2
6	5	MDA5-52	4
6	5	MDA5-53	3
6	5	MDA5-6	4
7	1	ARS-1	2
7	1	ARS-11	3
7	1	ARS-12	3
7	1	ARS-13	3
7	1	ARS-14	1
7	1	ARS-15	1
7	1	ARS-16	1
7	1	ARS-17	1
7	1	ARS-19	4
7	1	ARS-20	2
7	1	ARS-22	3
7	1	ARS-23	1
7	1	ARS-24	1
7	1	ARS-26	3
7	1	ARS-27	3
7	1	ARS-30	4
7	1	ARS-33	4
7	1	ARS-35	2
7	1	ARS-37	3
7	1	ARS-38	2
7	1	ARS-39	2
7	1	ARS-4	4
7	1	ARS-40	2
7	1	ARS-42	1
7	1	ARS-43	2
7	1	ARS-44	4
7	1	ARS-45	2
7	1	ARS-46	4
7	1	ARS-47	3
7	1	ARS-48	4
7	1	ARS-49	1
7	1	ARS-50	1
7	1	ARS-6	1
7	1	ARS-8	4
7	1	ARS-9	2
7	1	MDA5-1	1
7	1	MDA5-11	3
7	1	MDA5-12	4
7	1	MDA5-13	2
7	1	MDA5-16	2
7	1	MDA5-17	1
7	1	MDA5-18	2
7	1	MDA5-20	4
7	1	MDA5-21	1
7	1	MDA5-22	4
7	1	MDA5-24	4
7	1	MDA5-25	1
7	1	MDA5-26	1
7	1	MDA5-27	1
7	1	MDA5-3	4
7	1	MDA5-31	2
7	1	MDA5-35	3
7	1	MDA5-37	1
7	1	MDA5-39	3
7	1	MDA5-4	3
7	1	MDA5-42	4
7	1	MDA5-44	1
7	1	MDA5-46	2
7	1	MDA5-47	2
7	1	MDA5-48	3
7	1	MDA5-49	2
7	1	MDA5-5	3
7	1	MDA5-51	4
7	1	MDA5-53	2
7	1	MDA5-55	1
7	1	MDA5-6	3
7	1	MDA5-8	3
7	1	MDA5-9	4
7	2	ARS-11	4
7	2	ARS-12	1
7	2	ARS-13	1
7	2	ARS-14	3
7	2	ARS-15	4
7	2	ARS-16	1
7	2	ARS-2	2
7	2	ARS-20	3
7	2	ARS-21	3
7	2	ARS-23	1
7	2	ARS-26	2
7	2	ARS-27	4
7	2	ARS-28	1
7	2	ARS-29	2
7	2	ARS-30	2
7	2	ARS-31	1
7	2	ARS-33	3
7	2	ARS-34	3
7	2	ARS-36	3
7	2	ARS-37	1
7	2	ARS-38	2
7	2	ARS-39	4
7	2	ARS-4	4
7	2	ARS-40	1
7	2	ARS-41	2
7	2	ARS-43	4
7	2	ARS-44	2
7	2	ARS-45	4
7	2	ARS-46	1
7	2	ARS-47	4
7	2	ARS-48	3
7	2	ARS-5	1
7	2	ARS-50	2
7	2	ARS-7	2
7	2	ARS-8	3
7	2	MDA5-1	4
7	2	MDA5-12	3
7	2	MDA5-13	3
7	2	MDA5-16	4
7	2	MDA5-17	4
7	2	MDA5-2	1
7	2	MDA5-20	1
7	2	MDA5-21	3
7	2	MDA5-22	1
7	2	MDA5-23	3
7	2	MDA5-24	2
7	2	MDA5-26	2
7	2	MDA5-29	4
7	2	MDA5-3	2
7	2	MDA5-31	3
7	2	MDA5-32	1
7	2	MDA5-36	2
7	2	MDA5-37	1
7	2	MDA5-38	3
7	2	MDA5-39	1
7	2	MDA5-4	2
7	2	MDA5-40	3
7	2	MDA5-42	4
7	2	MDA5-43	2
7	2	MDA5-47	2
7	2	MDA5-48	4
7	2	MDA5-49	1
7	2	MDA5-5	1
7	2	MDA5-52	1
7	2	MDA5-53	3
7	2	MDA5-55	4
7	2	MDA5-8	2
7	2	MDA5-9	4
7	3	ARS-1	1
7	3	ARS-12	1
7	3	ARS-13	3
7	3	ARS-14	1
7	3	ARS-15	4
7	3	ARS-16	2
7	3	ARS-17	2
7	3	ARS-19	3
7	3	ARS-2	2
7	3	ARS-20	4
7	3	ARS-21	1
7	3	ARS-22	1
7	3	ARS-24	3
7	3	ARS-26	3
7	3	ARS-27	2
7	3	ARS-28	1
7	3	ARS-29	4
7	3	ARS-30	2
7	3	ARS-31	1
7	3	ARS-33	4
7	3	ARS-34	4
7	3	ARS-35	3
7	3	ARS-36	4
7	3	ARS-37	3
7	3	ARS-39	2
7	3	ARS-4	1
7	3	ARS-41	4
7	3	ARS-42	1
7	3	ARS-45	3
7	3	ARS-47	2
7	3	ARS-48	3
7	3	ARS-49	1
7	3	ARS-5	2
7	3	ARS-6	2
7	3	ARS-7	4
7	3	ARS-9	2
7	3	MDA5-1	1
7	3	MDA5-11	2
7	3	MDA5-12	4
7	3	MDA5-16	2
7	3	MDA5-17	4
7	3	MDA5-18	3
7	3	MDA5-2	2
7	3	MDA5-22	2
7	3	MDA5-23	3
7	3	MDA5-24	2
7	3	MDA5-25	3
7	3	MDA5-26	2
7	3	MDA5-27	1
7	3	MDA5-29	1
7	3	MDA5-32	2
7	3	MDA5-35	3
7	3	MDA5-36	1
7	3	MDA5-37	3
7	3	MDA5-38	3
7	3	MDA5-39	2
7	3	MDA5-4	4
7	3	MDA5-40	2
7	3	MDA5-43	3
7	3	MDA5-44	1
7	3	MDA5-46	1
7	3	MDA5-47	4
7	3	MDA5-48	3
7	3	MDA5-51	1
7	3	MDA5-52	4
7	3	MDA5-53	4
7	3	MDA5-55	1
7	3	MDA5-6	1
7	3	MDA5-8	4
7	3	MDA5-9	4
7	4	ARS-1	2
7	4	ARS-11	1
7	4	ARS-12	3
7	4	ARS-13	4
7	4	ARS-14	2
7	4	ARS-16	4
7	4	ARS-17	4
7	4	ARS-19	3
7	4	ARS-2	2
7	4	ARS-21	1
7	4	ARS-22	3
7	4	ARS-23	1
7	4	ARS-24	4
7	4	ARS-26	3
7	4	ARS-28	3
7	4	ARS-29	4
7	4	ARS-31	1
7	4	ARS-34	2
7	4	ARS-35	1
7	4	ARS-36	4
7	4	ARS-38	3
7	4	ARS-4	2
7	4	ARS-40	1
7	4	ARS-41	3
7	4	ARS-42	1
7	4	ARS-43	1
7	4	ARS-44	2
7	4	ARS-45	2
7	4	ARS-46	2
7	4	ARS-48	1
7	4	ARS-49	1
7	4	ARS-5	4
7	4	ARS-50	2
7	4	ARS-6	4
7	4	ARS-7	3
7	4	ARS-8	2
7	4	ARS-9	3
7	4	MDA5-1	1
7	4	MDA5-11	4
7	4	MDA5-13	2
7	4	MDA5-16	3
7	4	MDA5-17	2
7	4	MDA5-18	1
7	4	MDA5-2	3
7	4	MDA5-20	4
7	4	MDA5-21	4
7	4	MDA5-22	1
7	4	MDA5-23	3
7	4	MDA5-25	2
7	4	MDA5-27	1
7	4	MDA5-29	4
7	4	MDA5-3	2
7	4	MDA5-31	1
7	4	MDA5-32	3
7	4	MDA5-35	2
7	4	MDA5-36	1
7	4	MDA5-37	3
7	4	MDA5-38	2
7	4	MDA5-39	2
7	4	MDA5-4	3
7	4	MDA5-40	4
7	4	MDA5-42	4
7	4	MDA5-43	4
7	4	MDA5-44	1
7	4	MDA5-46	2
7	4	MDA5-49	1
7	4	MDA5-5	4
7	4	MDA5-51	3
7	4	MDA5-52	3
7	4	MDA5-53	1
7	4	MDA5-6	2
7	5	ARS-1	4
7	5	ARS-11	1
7	5	ARS-15	2
7	5	ARS-17	2
7	5	ARS-19	4
7	5	ARS-2	4
7	5	ARS-20	1
7	5	ARS-21	3
7	5	ARS-22	2
7	5	ARS-23	2
7	5	ARS-24	2
7	5	ARS-27	2
7	5	ARS-28	3
7	5	ARS-29	3
7	5	ARS-30	4
7	5	ARS-31	1
7	5	ARS-33	1
7	5	ARS-34	1
7	5	ARS-35	3
7	5	ARS-36	2
7	5	ARS-37	2
7	5	ARS-38	3
7	5	ARS-39	2
7	5	ARS-40	1
7	5	ARS-41	2
7	5	ARS-42	3
7	5	ARS-43	4
7	5	ARS-44	1
7	5	ARS-46	1
7	5	ARS-47	3
7	5	ARS-49	1
7	5	ARS-5	3
7	5	ARS-50	1
7	5	ARS-6	3
7	5	ARS-7	4
7	5	ARS-8	4
7	5	ARS-9	4
7	5	MDA5-11	1
7	5	MDA5-12	2
7	5	MDA5-13	4
7	5	MDA5-18	3
7	5	MDA5-2	1
7	5	MDA5-20	2
7	5	MDA5-21	4
7	5	MDA5-23	1
7	5	MDA5-24	3
7	5	MDA5-25	3
7	5	MDA5-26	1
7	5	MDA5-27	4
7	5	MDA5-29	2
7	5	MDA5-3	2
7	5	MDA5-31	3
7	5	MDA5-32	2
7	5	MDA5-35	4
7	5	MDA5-36	3
7	5	MDA5-38	1
7	5	MDA5-40	1
7	5	MDA5-42	4
7	5	MDA5-43	1
7	5	MDA5-44	3
7	5	MDA5-46	3
7	5	MDA5-47	2
7	5	MDA5-48	3
7	5	MDA5-49	1
7	5	MDA5-5	4
7	5	MDA5-51	2
7	5	MDA5-52	1
7	5	MDA5-55	2
7	5	MDA5-6	4
7	5	MDA5-8	4
7	5	MDA5-9	2
8	1	ARS-1	1
8	1	ARS-11	1
8	1	ARS-12	2
8	1	ARS-13	3
8	1	ARS-14	1
8	1	ARS-16	3
8	1	ARS-17	1
8	1	ARS-20	1
8	1	ARS-21	4
8	1	ARS-22	2
8	1	ARS-23	4
8	1	ARS-24	4
8	1	ARS-26	1
8	1	ARS-27	4
8	1	ARS-28	3
8	1	ARS-30	1
8	1	ARS-33	2
8	1	ARS-34	3
8	1	ARS-35	4
8	1	ARS-36	3
8	1	ARS-38	2
8	1	ARS-39	2
8	1	ARS-4	1
8	1	ARS-40	3
8	1	ARS-41	2
8	1	ARS-44	4
8	1	ARS-45	4
8	1	ARS-46	1
8	1	ARS-48	2
8	1	ARS-49	2
8	1	ARS-5	1
8	1	ARS-6	3
8	1	ARS-7	2
8	1	ARS-8	4
8	1	ARS-9	3
8	1	MDA5-1	4
8	1	MDA5-11	2
8	1	MDA5-12	2
8	1	MDA5-13	3
8	1	MDA5-16	1
8	1	MDA5-18	4
8	1	MDA5-20	4
8	1	MDA5-22	3
8	1	MDA5-23	1
8	1	MDA5-24	1
8	1	MDA5-25	4
8	1	MDA5-26	3
8	1	MDA5-29	3
8	1	MDA5-3	3
8	1	MDA5-31	1
8	1	MDA5-32	3
8	1	MDA5-35	3
8	1	MDA5-36	2
8	1	MDA5-37	1
8	1	MDA5-38	2
8	1	MDA5-4	4
8	1	MDA5-40	2
8	1	MDA5-42	1
8	1	MDA5-43	1
8	1	MDA5-44	2
8	1	MDA5-46	1
8	1	MDA5-48	4
8	1	MDA5-49	1
8	1	MDA5-51	3
8	1	MDA5-52	2
8	1	MDA5-6	4
8	1	MDA5-8	2
8	1	MDA5-9	4
8	2	ARS-11	4
8	2	ARS-13	3
8	2	ARS-14	3
8	2	ARS-15	2
8	2	ARS-16	3
8	2	ARS-19	1
8	2	ARS-2	2
8	2	ARS-21	1
8	2	ARS-22	3
8	2	ARS-23	2
8	2	ARS-26	2
8	2	ARS-27	3
8	2	ARS-28	4
8	2	ARS-29	1
8	2	ARS-30	3
8	2	ARS-31	2
8	2	ARS-34	2
8	2	ARS-35	4
8	2	ARS-36	1
8	2	ARS-37	1
8	2	ARS-38	3
8	2	ARS-39	2
8	2	ARS-4	4
8	2	ARS-40	2
8	2	ARS-41	1
8	2	ARS-42	3
8	2	ARS-43	1
8	2	ARS-44	4
8	2	ARS-45	4
8	2	ARS-47	4
8	2	ARS-48	2
8	2	ARS-50	1
8	2	ARS-6	1
8	2	ARS-7	1
8	2	ARS-9	4
8	2	MDA5-1	4
8	2	MDA5-13	4
8	2	MDA5-16	4
8	2	MDA5-17	4
8	2	MDA5-18	4
8	2	MDA5-2	3
8	2	MDA5-20	1
8	2	MDA5-21	1
8	2	MDA5-22	3
8	2	MDA5-23	1
8	2	MDA5-25	1
8	2	MDA5-26	3
8	2	MDA5-27	4
8	2	MDA5-29	2
8	2	MDA5-3	3
8	2	MDA5-37	1
8	2	MDA5-38	4
8	2	MDA5-39	2
8	2	MDA5-4	2
8	2	MDA5-40	1
8	2	MDA5-42	2
8	2	MDA5-43	1
8	2	MDA5-46	3
8	2	MDA5-47	2
8	2	MDA5-48	4
8	2	MDA5-49	3
8	2	MDA5-5	3
8	2	MDA5-51	2
8	2	MDA5-53	2
8	2	MDA5-55	1
8	2	MDA5-6	1
8	2	MDA5-8	3
8	2	MDA5-9	2
8	3	ARS-1	3
8	3	ARS-12	4
8	3	ARS-15	2
8	3	ARS-16	3
8	3	ARS-17	1
8	3	ARS-19	1
8	3	ARS-2	1
8	3	ARS-20	1
8	3	ARS-21	1
8	3	ARS-23	2
8	3	ARS-24	4
8	3	ARS-26	2
8	3	ARS-27	3
8	3	ARS-28	4
8	3	ARS-29	3
8	3	ARS-30	1
8	3	ARS-31	4
8	3	ARS-33	2
8	3	ARS-34	2
8	3	ARS-35	1
8	3	ARS-37	1
8	3	ARS-39	4
8	3	ARS-40	2
8	3	ARS-41	3
8	3	ARS-42	4
8	3	ARS-43	4
8	3	ARS-44	3
8	3	ARS-46	1
8	3	ARS-47	2
8	3	ARS-48	1
8	3	ARS-49	3
8	3	ARS-5	2
8	3	ARS-50	3
8	3	ARS-7	2
8	3	ARS-8	4
8	3	ARS-9	2
8	3	MDA5-1	3
8	3	MDA5-11	2
8	3	MDA5-12	1
8	3	MDA5-13	4
8	3	MDA5-16	4
8	3	MDA5-17	4
8	3	MDA5-18	4
8	3	MDA5-2	1
8	3	MDA5-20	4
8	3	MDA5-21	1
8	3	MDA5-23	2
8	3	MDA5-24	1
8	3	MDA5-25	4
8	3	MDA5-26	2
8	3	MDA5-27	1
8	3	MDA5-29	1
8	3	MDA5-31	2
8	3	MDA5-32	3
8	3	MDA5-35	2
8	3	MDA5-36	3
8	3	MDA5-37	3
8	3	MDA5-39	3
8	3	MDA5-4	1
8	3	MDA5-43	4
8	3	MDA5-44	2
8	3	MDA5-47	3
8	3	MDA5-48	1
8	3	MDA5-49	1
8	3	MDA5-5	2
8	3	MDA5-52	2
8	3	MDA5-53	3
8	3	MDA5-55	2
8	3	MDA5-6	4
8	3	MDA5-9	3
8	4	ARS-1	1
8	4	ARS-11	4
8	4	ARS-12	3
8	4	ARS-13	4
8	4	ARS-14	1
8	4	ARS-15	1
8	4	ARS-16	4
8	4	ARS-17	3
8	4	ARS-19	4
8	4	ARS-2	4
8	4	ARS-20	2
8	4	ARS-21	2
8	4	ARS-22	2
8	4	ARS-23	1
8	4	ARS-24	4
8	4	ARS-28	2
8	4	ARS-29	2
8	4	ARS-31	3
8	4	ARS-33	1
8	4	ARS-34	3
8	4	ARS-36	2
8	4	ARS-37	2
8	4	ARS-38	3
8	4	ARS-39	1
8	4	ARS-4	1
8	4	ARS-42	1
8	4	ARS-43	1
8	4	ARS-44	2
8	4	ARS-45	1
8	4	ARS-46	2
8	4	ARS-47	3
8	4	ARS-49	3
8	4	ARS-5	2
8	4	ARS-50	3
8	4	ARS-6	4
8	4	ARS-7	3
8	4	ARS-8	4
8	4	MDA5-11	1
8	4	MDA5-12	1
8	4	MDA5-16	4
8	4	MDA5-17	4
8	4	MDA5-18	1
8	4	MDA5-2	3
8	4	MDA5-20	2
8	4	MDA5-21	1
8	4	MDA5-22	1
8	4	MDA5-24	4
8	4	MDA5-25	4
8	4	MDA5-27	1
8	4	MDA5-29	4
8	4	MDA5-3	3
8	4	MDA5-31	2
8	4	MDA5-32	3
8	4	MDA5-35	2
8	4	MDA5-36	2
8	4	MDA5-38	3
8	4	MDA5-39	3
8	4	MDA5-40	2
8	4	MDA5-42	1
8	4	MDA5-43	4
8	4	MDA5-44	2
8	4	MDA5-46	4
8	4	MDA5-47	1
8	4	MDA5-49	3
8	4	MDA5-5	2
8	4	MDA5-51	2
8	4	MDA5-52	3
8	4	MDA5-53	1
8	4	MDA5-55	4
8	4	MDA5-6	2
8	4	MDA5-8	3
8	5	ARS-1	2
8	5	ARS-11	3
8	5	ARS-12	1
8	5	ARS-13	2
8	5	ARS-14	4
8	5	ARS-15	1
8	5	ARS-17	2
8	5	ARS-19	3
8	5	ARS-2	3
8	5	ARS-20	2
8	5	ARS-22	3
8	5	ARS-24	3
8	5	ARS-26	4
8	5	ARS-27	3
8	5	ARS-29	4
8	5	ARS-30	3
8	5	ARS-31	1
8	5	ARS-33	3
8	5	ARS-35	1
8	5	ARS-36	4
8	5	ARS-37	4
8	5	ARS-38	2
8	5	ARS-4	1
8	5	ARS-40	2
8	5	ARS-41	2
8	5	ARS-42	4
8	5	ARS-43	4
8	5	ARS-45	1
8	5	ARS-46	4
8	5	ARS-47	2
8	5	ARS-48	2
8	5	ARS-49	3
8	5	ARS-5	1
8	5	ARS-50	1
8	5	ARS-6	1
8	5	ARS-8	2
8	5	ARS-9	1
8	5	MDA5-1	1
8	5	MDA5-11	3
8	5	MDA5-12	1
8	5	MDA5-13	1
8	5	MDA5-17	1
8	5	MDA5-2	4
8	5	MDA5-21	3
8	5	MDA5-22	4
8	5	MDA5-23	2
8	5	MDA5-24	1
8	5	MDA5-26	3
8	5	MDA5-27	2
8	5	MDA5-3	1
8	5	MDA5-31	2
8	5	MDA5-32	4
8	5	MDA5-35	2
8	5	MDA5-36	1
8	5	MDA5-37	4
8	5	MDA5-38	2
8	5	MDA5-39	4
8	5	MDA5-4	1
8	5	MDA5-40	3
8	5	MDA5-42	4
8	5	MDA5-44	2
8	5	MDA5-46	3
8	5	MDA5-47	3
8	5	MDA5-48	3
8	5	MDA5-5	2
8	5	MDA5-51	3
8	5	MDA5-52	4
8	5	MDA5-53	1
8	5	MDA5-55	2
8	5	MDA5-8	2
8	5	MDA5-9	4
9	1	ARS-1	1
9	1	ARS-11	1
9	1	ARS-12	1
9	1	ARS-13	1
9	1	ARS-15	2
9	1	ARS-20	4
9	1	ARS-21	1
9	1	ARS-22	4
9	1	ARS-23	1
9	1	ARS-26	3
9	1	ARS-27	3
9	1	ARS-28	2
9	1	ARS-29	2
9	1	ARS-30	4
9	1	ARS-31	1
9	1	ARS-33	1
9	1	ARS-35	1
9	1	ARS-36	2
9	1	ARS-37	1
9	1	ARS-38	3
9	1	ARS-39	4
9	1	ARS-40	3
9	1	ARS-41	2
9	1	ARS-42	3
9	1	ARS-43	2
9	1	ARS-44	3
9	1	ARS-45	4
9	1	ARS-46	2
9	1	ARS-47	4
9	1	ARS-48	2
9	1	ARS-49	4
9	1	ARS-5	3
9	1	ARS-6	3
9	1	ARS-7	4
9	1	ARS-9	2
9	1	MDA5-12	2
9	1	MDA5-13	2
9	1	MDA5-16	4
9	1	MDA5-20	2
9	1	MDA5-21	4
9	1	MDA5-22	1
9	1	MDA5-23	1
9	1	MDA5-24	2
9	1	MDA5-25	1
9	1	MDA5-26	1
9	1	MDA5-29	3
9	1	MDA5-3	3
9	1	MDA5-31	4
9	1	MDA5-32	3
9	1	MDA5-35	3
9	1	MDA5-36	1
9	1	MDA5-37	1
9	1	MDA5-38	2
9	1	MDA5-39	1
9	1	MDA5-4	4
9	1	MDA5-42	4
9	1	MDA5-44	4
9	1	MDA5-46	3
9	1	MDA5-47	2
9	1	MDA5-48	2
9	1	MDA5-49	4
9	1	MDA5-5	4
9	1	MDA5-51	3
9	1	MDA5-52	1
9	1	MDA5-53	1
9	1	MDA5-55	2
9	1	MDA5-8	3
9	1	MDA5-9	3
9	2	ARS-1	4
9	2	ARS-13	2
9	2	ARS-14	1
9	2	ARS-15	3
9	2	ARS-16	3
9	2	ARS-17	4
9	2	ARS-19	2
9	2	ARS-2	2
9	2	ARS-20	2
9	2	ARS-21	1
9	2	ARS-22	1
9	2	ARS-23	4
9	2	ARS-24	1
9	2	ARS-26	2
9	2	ARS-27	4
9	2	ARS-28	1
9	2	ARS-29	4
9	2	ARS-30	3
9	2	ARS-33	3
9	2	ARS-34	4
9	2	ARS-35	1
9	2	ARS-37	1
9	2	ARS-38	4
9	2	ARS-39	2
9	2	ARS-4	2
9	2	ARS-40	1
9	2	ARS-41	3
9	2	ARS-42	1
9	2	ARS-43	3
9	2	ARS-46	2
9	2	ARS-47	3
9	2	ARS-5	4
9	2	ARS-50	1
9	2	ARS-8	3
9	2	ARS-9	2
9	2	MDA5-1	3
9	2	MDA5-11	2
9	2	MDA5-12	1
9	2	MDA5-13	4
9	2	MDA5-17	1
9	2	MDA5-18	3
9	2	MDA5-2	2
9	2	MDA5-20	1
9	2	MDA5-21	4
9	2	MDA5-22	3
9	2	MDA5-23	4
9	2	MDA5-24	1
9	2	MDA5-25	2
9	2	MDA5-27	4
9	2	MDA5-29	2
9	2	MDA5-3	3
9	2	MDA5-31	2
9	2	MDA5-32	3
9	2	MDA5-35	2
9	2	MDA5-37	1
9	2	MDA5-38	1
9	2	MDA5-39	2
9	2	MDA5-40	4
9	2	MDA5-42	1
9	2	MDA5-43	4
9	2	MDA5-44	1
9	2	MDA5-47	4
9	2	MDA5-49	3
9	2	MDA5-5	3
9	2	MDA5-53	3
9	2	MDA5-55	2
9	2	MDA5-6	1
9	2	MDA5-9	4
9	3	ARS-11	3
9	3	ARS-12	4
9	3	ARS-13	1
9	3	ARS-14	2
9	3	ARS-16	1
9	3	ARS-17	2
9	3	ARS-19	1
9	3	ARS-2	3
9	3	ARS-20	2
9	3	ARS-23	2
9	3	ARS-24	4
9	3	ARS-26	1
9	3	ARS-28	2
9	3	ARS-29	4
9	3	ARS-30	2
9	3	ARS-31	1
9	3	ARS-34	3
9	3	ARS-35	1
9	3	ARS-36	3
9	3	ARS-37	4
9	3	ARS-38	3
9	3	ARS-39	1
9	3	ARS-4	2
9	3	ARS-40	3
9	3	ARS-44	4
9	3	ARS-45	3
9	3	ARS-46	4
9	3	ARS-47	4
9	3	ARS-48	4
9	3	ARS-49	1
9	3	ARS-5	2
9	3	ARS-50	2
9	3	ARS-6	3
9	3	ARS-7	1
9	3	ARS-8	2
9	3	ARS-9	1
9	3	MDA5-1	3
9	3	MDA5-11	4
9	3	MDA5-12	3
9	3	MDA5-13	4
9	3	MDA5-16	3
9	3	MDA5-17	1
9	3	MDA5-18	2
9	3	MDA5-2	1
9	3	MDA5-20	3
9	3	MDA5-23	3
9	3	MDA5-24	1
9	3	MDA5-25	4
9	3	MDA5-26	2
9	3	MDA5-27	1
9	3	MDA5-29	2
9	3	MDA5-35	4
9	3	MDA5-36	2
9	3	MDA5-37	3
9	3	MDA5-4	4
9	3	MDA5-40	4
9	3	MDA5-42	1
9	3	MDA5-43	2
9	3	MDA5-44	1
9	3	MDA5-46	2
9	3	MDA5-47	1
9	3	MDA5-48	3
9	3	MDA5-5	2
9	3	MDA5-51	3
9	3	MDA5-52	4
9	3	MDA5-53	2
9	3	MDA5-55	1
9	3	MDA5-6	4
9	3	MDA5-8	2
9	3	MDA5-9	1
9	4	ARS-1	2
9	4	ARS-11	1
9	4	ARS-12	2
9	4	ARS-13	3
9	4	ARS-14	1
9	4	ARS-15	1
9	4	ARS-16	4
9	4	ARS-17	4
9	4	ARS-19	4
9	4	ARS-2	2
9	4	ARS-20	2
9	4	ARS-21	3
9	4	ARS-22	3
9	4	ARS-24	2
9	4	ARS-27	4
9	4	ARS-28	3
9	4	ARS-29	2
9	4	ARS-31	4
9	4	ARS-33	1
9	4	ARS-34	1
9	4	ARS-35	1
9	4	ARS-36	3
9	4	ARS-38	3
9	4	ARS-39	3
9	4	ARS-4	1
9	4	ARS-41	2
9	4	ARS-42	4
9	4	ARS-43	1
9	4	ARS-44	2
9	4	ARS-45	3
9	4	ARS-48	2
9	4	ARS-49	1
9	4	ARS-50	3
9	4	ARS-6	4
9	4	ARS-7	1
9	4	ARS-8	4
9	4	ARS-9	2
9	4	MDA5-1	3
9	4	MDA5-11	4
9	4	MDA5-16	1
9	4	MDA5-17	1
9	4	MDA5-18	2
9	4	MDA5-2	1
9	4	MDA5-20	3
9	4	MDA5-21	3
9	4	MDA5-22	3
9	4	MDA5-24	4
9	4	MDA5-25	1
9	4	MDA5-26	2
9	4	MDA5-27	3
9	4	MDA5-3	2
9	4	MDA5-31	3
9	4	MDA5-32	2
9	4	MDA5-36	4
9	4	MDA5-38	3
9	4	MDA5-39	1
9	4	MDA5-4	2
9	4	MDA5-40	1
9	4	MDA5-42	1
9	4	MDA5-43	4
9	4	MDA5-44	2
9	4	MDA5-46	3
9	4	MDA5-48	1
9	4	MDA5-49	4
9	4	MDA5-5	4
9	4	MDA5-51	4
9	4	MDA5-52	2
9	4	MDA5-53	2
9	4	MDA5-55	4
9	4	MDA5-6	1
9	4	MDA5-8	2
9	5	ARS-1	4
9	5	ARS-11	1
9	5	ARS-12	1
9	5	ARS-14	1
9	5	ARS-15	1
9	5	ARS-16	3
9	5	ARS-17	3
9	5	ARS-19	2
9	5	ARS-2	4
9	5	ARS-21	4
9	5	ARS-22	1
9	5	ARS-23	2
9	5	ARS-24	4
9	5	ARS-26	3
9	5	ARS-27	1
9	5	ARS-30	2
9	5	ARS-31	1
9	5	ARS-33	2
9	5	ARS-34	2
9	5	ARS-36	3
9	5	ARS-37	3
9	5	ARS-4	3
9	5	ARS-40	4
9	5	ARS-41	4
9	5	ARS-42	4
9	5	ARS-43	1
9	5	ARS-44	2
9	5	ARS-45	3
9	5	ARS-46	3
9	5	ARS-47	2
9	5	ARS-48	2
9	5	ARS-49	2
9	5	ARS-5	3
9	5	ARS-50	2
9	5	ARS-6	4
9	5	ARS-7	1
9	5	ARS-8	1
9	5	MDA5-1	2
9	5	MDA5-11	3
9	5	MDA5-12	1
9	5	MDA5-13	4
9	5	MDA5-16	4
9	5	MDA5-17	1
9	5	MDA5-18	2
9	5	MDA5-2	2
9	5	MDA5-21	2
9	5	MDA5-22	4
9	5	MDA5-23	4
9	5	MDA5-26	1
9	5	MDA5-27	1
9	5	MDA5-29	1
9	5	MDA5-3	1
9	5	MDA5-31	1
9	5	MDA5-32	2
9	5	MDA5-35	3
9	5	MDA5-36	3
9	5	MDA5-37	2
9	5	MDA5-38	4
9	5	MDA5-39	2
9	5	MDA5-4	4
9	5	MDA5-40	2
9	5	MDA5-43	2
9	5	MDA5-46	4
9	5	MDA5-47	3
9	5	MDA5-48	3
9	5	MDA5-49	3
9	5	MDA5-51	3
9	5	MDA5-52	1
9	5	MDA5-6	3
9	5	MDA5-8	4
9	5	MDA5-9	1
10	1	ARS-1	3
10	1	ARS-11	1
10	1	ARS-13	2
10	1	ARS-14	2
10	1	ARS-16	2
10	1	ARS-17	1
10	1	ARS-19	4
10	1	ARS-2	3
10	1	ARS-20	1
10	1	ARS-21	1
10	1	ARS-22	3
10	1	ARS-23	1
10	1	ARS-24	1
10	1	ARS-26	4
10	1	ARS-27	2
10	1	ARS-29	3
10	1	ARS-33	4
10	1	ARS-34	3
10	1	ARS-35	2
10	1	ARS-36	3
10	1	ARS-37	2
10	1	ARS-39	4
10	1	ARS-4	1
10	1	ARS-40	3
10	1	ARS-41	1
10	1	ARS-43	4
10	1	ARS-44	2
10	1	ARS-46	4
10	1	ARS-47	1
10	1	ARS-48	2
10	1	ARS-49	3
10	1	ARS-5	4
10	1	ARS-50	2
10	1	ARS-8	1
10	1	ARS-9	4
10	1	MDA5-1	4
10	1	MDA5-11	2
10	1	MDA5-12	2
10	1	MDA5-16	4
10	1	MDA5-17	3
10	1	MDA5-2	3
10	1	MDA5-20	4
10	1	MDA5-21	3
10	1	MDA5-22	1
10	1	MDA5-23	3
10	1	MDA5-24	1
10	1	MDA5-25	4
10	1	MDA5-26	4
10	1	MDA5-27	1
10	1	MDA5-31	4
10	1	MDA5-32	3
10	1	MDA5-37	4
10	1	MDA5-38	2
10	1	MDA5-39	1
10	1	MDA5-4	1
10	1	MDA5-42	2
10	1	MDA5-43	2
10	1	MDA5-46	2
10	1	MDA5-47	1
10	1	MDA5-48	3
10	1	MDA5-49	1
10	1	MDA5-5	3
10	1	MDA5-51	1
10	1	MDA5-52	1
10	1	MDA5-53	2
10	1	MDA5-55	4
10	1	MDA5-6	3
10	1	MDA5-9	2
10	2	ARS-1	4
10	2	ARS-12	4
10	2	ARS-13	1
10	2	ARS-14	2
10	2	ARS-15	4
10	2	ARS-16	4
10	2	ARS-17	3
10	2	ARS-19	3
10	2	ARS-2	1
10	2	ARS-20	3
10	2	ARS-22	2
10	2	ARS-23	4
10	2	ARS-24	2
10	2	ARS-28	1
10	2	ARS-29	2
10	2	ARS-30	3
10	2	ARS-31	1
10	2	ARS-37	1
10	2	ARS-38	2
10	2	ARS-39	4
10	2	ARS-4	3
10	2	ARS-40	2
10	2	ARS-41	3
10	2	ARS-42	2
10	2	ARS-43	1
10	2	ARS-44	1
10	2	ARS-45	1
10	2	ARS-46	2
10	2	ARS-47	4
10	2	ARS-48	3
10	2	ARS-50	1
10	2	ARS-6	2
10	2	ARS-7	3
10	2	ARS-8	1
10	2	ARS-9	4
10	2	MDA5-1	3
10	2	MDA5-12	2
10	2	MDA5-13	3
10	2	MDA5-16	2
10	2	MDA5-17	2
10	2	MDA5-18	1
10	2	MDA5-2	2
10	2	MDA5-20	3
10	2	MDA5-21	4
10	2	MDA5-23	1
10	2	MDA5-25	1
10	2	MDA5-27	1
10	2	MDA5-29	3
10	2	MDA5-3	2
10	2	MDA5-31	4
10	2	MDA5-35	4
10	2	MDA5-36	4
10	2	MDA5-37	1
10	2	MDA5-38	1
10	2	MDA5-40	1
10	2	MDA5-42	3
10	2	MDA5-44	1
10	2	MDA5-46	4
10	2	MDA5-47	3
10	2	MDA5-49	2
10	2	MDA5-5	2
10	2	MDA5-51	1
10	2	MDA5-52	3
10	2	MDA5-53	4
10	2	MDA5-55	3
10	2	MDA5-6	4
10	2	MDA5-8	4
10	2	MDA5-9	2
10	3	ARS-1	1
10	3	ARS-11	3
10	3	ARS-12	3
10	3	ARS-13	4
10	3	ARS-15	1
10	3	ARS-17	1
10	3	ARS-2	2
10	3	ARS-21	4
10	3	ARS-22	4
10	3	ARS-23	2
10	3	ARS-26	4
10	3	ARS-27	2
10	3	ARS-28	1
10	3	ARS-29	1
10	3	ARS-30	2
10	3	ARS-31	3
10	3	ARS-33	3
10	3	ARS-34	2
10	3	ARS-35	1
10	3	ARS-36	1
10	3	ARS-38	2
10	3	ARS-39	3
10	3	ARS-40	4
10	3	ARS-41	1
10	3	ARS-42	4
10	3	ARS-44	3
10	3	ARS-45	2
10	3	ARS-46	1
10	3	ARS-47	2
10	3	ARS-48	4
10	3	ARS-49	2
10	3	ARS-5	1
10	3	ARS-50	4
10	3	ARS-6	3
10	3	ARS-7	3
10	3	ARS-9	2
10	3	MDA5-1	1
10	3	MDA5-11	1
10	3	MDA5-13	2
10	3	MDA5-16	3
10	3	MDA5-18	1
10	3	MDA5-20	1
10	3	MDA5-21	2
10	3	MDA5-22	4
10	3	MDA5-23	1
10	3	MDA5-24	1
10	3	MDA5-25	3
10	3	MDA5-26	4
10	3	MDA5-27	3
10	3	MDA5-29	4
10	3	MDA5-3	4
10	3	MDA5-31	2
10	3	MDA5-32	4
10	3	MDA5-35	3
10	3	MDA5-36	2
10	3	MDA5-39	2
10	3	MDA5-4	2
10	3	MDA5-40	3
10	3	MDA5-42	2
10	3	MDA5-43	3
10	3	MDA5-44	2
10	3	MDA5-48	1
10	3	MDA5-49	1
10	3	MDA5-5	2
10	3	MDA5-51	1
10	3	MDA5-53	3
10	3	MDA5-55	4
10	3	MDA5-6	4
10	3	MDA5-8	3
10	3	MDA5-9	4
10	4	ARS-1	2
10	4	ARS-11	1
10	4	ARS-12	3
10	4	ARS-14	3
10	4	ARS-15	3
10	4	ARS-16	2
10	4	ARS-19	4
10	4	ARS-2	3
10	4	ARS-20	2
10	4	ARS-21	2
10	4	ARS-23	4
10	4	ARS-24	1
10	4	ARS-26	3
10	4	ARS-27	4
10	4	ARS-28	3
10	4	ARS-29	1
10	4	ARS-30	1
10	4	ARS-31	1
10	4	ARS-33	1
10	4	ARS-34	1
10	4	ARS-35	1
10	4	ARS-36	3
10	4	ARS-37	2
10	4	ARS-38	2
10	4	ARS-39	4
10	4	ARS-4	3
10	4	ARS-41	4
10	4	ARS-42	2
10	4	ARS-43	4
10	4	ARS-44	1
10	4	ARS-45	2
10	4	ARS-49	3
10	4	ARS-5	4
10	4	ARS-50	4
10	4	ARS-6	1
10	4	ARS-7	2
10	4	ARS-8	2
10	4	MDA5-1	3
10	4	MDA5-11	2
10	4	MDA5-12	3
10	4	MDA5-13	4
10	4	MDA5-16	3
10	4	MDA5-17	3
10	4	MDA5-18	1
10	4	MDA5-2	4
10	4	MDA5-20	2
10	4	MDA5-22	2
10	4	MDA5-23	1
10	4	MDA5-24	2
10	4	MDA5-25	2
10	4	MDA5-26	4
10	4	MDA5-29	3
10	4	MDA5-3	4
10	4	MDA5-31	4
10	4	MDA5-32	1
10	4	MDA5-35	3
10	4	MDA5-36	1
10	4	MDA5-37	1
10	4	MDA5-38	3
10	4	MDA5-39	2
10	4	MDA5-4	2
10	4	MDA5-40	4
10	4	MDA5-43	4
10	4	MDA5-44	1
10	4	MDA5-46	2
10	4	MDA5-47	3
10	4	MDA5-48	2
10	4	MDA5-49	4
10	4	MDA5-5	1
10	4	MDA5-52	1
10	4	MDA5-8	1
10	5	ARS-11	2
10	5	ARS-12	3
10	5	ARS-13	1
10	5	ARS-14	4
10	5	ARS-15	3
10	5	ARS-16	3
10	5	ARS-17	4
10	5	ARS-19	1
10	5	ARS-20	2
10	5	ARS-21	1
10	5	ARS-22	4
10	5	ARS-24	2
10	5	ARS-26	2
10	5	ARS-27	3
10	5	ARS-28	4
10	5	ARS-30	4
10	5	ARS-31	1
10	5	ARS-33	1
10	5	ARS-34	2
10	5	ARS-35	1
10	5	ARS-36	3
10	5	ARS-37	2
10	5	ARS-38	3
10	5	ARS-4	2
10	5	ARS-40	4
10	5	ARS-42	1
10	5	ARS-43	1
10	5	ARS-45	2
10	5	ARS-46	4
10	5	ARS-47	3
10	5	ARS-48	2
10	5	ARS-49	1
10	5	ARS-5	2
10	5	ARS-6	1
10	5	ARS-7	4
10	5	ARS-8	3
10	5	ARS-9	3
10	5	MDA5-11	1
10	5	MDA5-12	2
10	5	MDA5-13	2
10	5	MDA5-17	1
10	5	MDA5-18	3
10	5	MDA5-2	4
10	5	MDA5-21	1
10	5	MDA5-22	4
10	5	MDA5-24	2
10	5	MDA5-26	1
10	5	MDA5-27	2
10	5	MDA5-29	4
10	5	MDA5-3	3
10	5	MDA5-32	3
10	5	MDA5-35	1
10	5	MDA5-36	2
10	5	MDA5-37	1
10	5	MDA5-38	1
10	5	MDA5-39	2
10	5	MDA5-4	4
10	5	MDA5-40	4
10	5	MDA5-42	4
10	5	MDA5-43	3
10	5	MDA5-44	4
10	5	MDA5-46	1
10	5	MDA5-47	2
10	5	MDA5-48	2
10	5	MDA5-51	2
10	5	MDA5-52	3
10	5	MDA5-53	1
10	5	MDA5-55	3
10	5	MDA5-6	4
10	5	MDA5-8	3
10	5	MDA5-9	3
