repeat_id	fold_id	sample_id
1	1	ARS-19
1	1	ARS-20
1	1	ARS-26
1	1	ARS-27
1	1	ARS-31
1	1	ARS-4
1	1	ARS-40
1	1	ARS-41
1	1	ARS-45
1	1	ARS-9
1	1	MDA5-13
1	1	MDA5-22
1	1	MDA5-23
1	1	MDA5-27
1	1	MDA5-35
1	1	MDA5-5
1	1	MDA5-55
1	1	MDA5-8
1	1	MDA5-9
1	2	ARS-11
1	2	ARS-12
1	2	ARS-15
1	2	ARS-2
1	2	ARS-23
1	2	ARS-30
1	2	ARS-33
1	2	ARS-34
1	2	ARS-38
1	2	ARS-6
1	2	MDA5-12
1	2	MDA5-17
1	2	MDA5-24
1	2	MDA5-25
1	2	MDA5-31
1	2	MDA5-32
1	2	MDA5-37
1	2	MDA5-42
1	2	MDA5-52
1	3	ARS-14
1	3	ARS-16
1	3	ARS-28
1	3	ARS-36
1	3	ARS-39
1	3	ARS-42
1	3	ARS-46
1	3	ARS-7
1	3	ARS-8
1	3	MDA5-1
1	3	MDA5-11
1	3	MDA5-16
1	3	MDA5-26
1	3	MDA5-4
1	3	MDA5-49
1	3	MDA5-51
1	3	MDA5-6
1	4	ARS-13
1	4	ARS-17
1	4	ARS-21
1	4	ARS-22
1	4	ARS-35
1	4	ARS-43
1	4	ARS-44
1	4	ARS-47
1	4	MDA5-2
1	4	MDA5-20
1	4	MDA5-21
1	4	MDA5-3
1	4	MDA5-38
1	4	MDA5-39
1	4	MDA5-44
1	4	MDA5-46
1	5	ARS-1
1	5	ARS-24
1	5	ARS-29
1	5	ARS-37
1	5	ARS-48
1	5	ARS-49
1	5	ARS-5
1	5	ARS-50
1	5	MDA5-18
1	5	MDA5-29
1	5	MDA5-36
1	5	MDA5-40
1	5	MDA5-43
1	5	MDA5-47
1	5	MDA5-48
1	5	MDA5-53
2	1	ARS-16
2	1	ARS-17
2	1	ARS-23
2	1	ARS-29
2	1	ARS-34
2	1	ARS-35
2	1	ARS-38
2	1	ARS-42
2	1	ARS-47
2	1	ARS-8
2	1	MDA5-20
2	1	MDA5-29
2	1	MDA5-36
2	1	MDA5-4
2	1	MDA5-43
2	1	MDA5-5
2	1	MDA5-52
2	1	MDA5-55
2	1	MDA5-9
2	2	ARS-12
2	2	ARS-14
2	2	ARS-22
2	2	ARS-24
2	2	ARS-31
2	2	ARS-37
2	2	ARS-45
2	2	ARS-46
2	2	ARS-5
2	2	ARS-50
2	2	MDA5-1
2	2	MDA5-18
2	2	MDA5-2
2	2	MDA5-32
2	2	MDA5-38
2	2	MDA5-39
2	2	MDA5-40
2	2	MDA5-47
2	2	MDA5-53
2	3	ARS-1
2	3	ARS-30
2	3	ARS-33
2	3	ARS-36
2	3	ARS-40
2	3	ARS-44
2	3	ARS-48
2	3	ARS-6
2	3	ARS-9
2	3	MDA5-11
2	3	MDA5-22
2	3	MDA5-31
2	3	MDA5-37
2	3	MDA5-42
2	3	MDA5-46
2	3	MDA5-49
2	3	MDA5-8
2	4	ARS-11
2	4	ARS-13
2	4	ARS-2
2	4	ARS-20
2	4	ARS-26
2	4	ARS-4
2	4	ARS-41
2	4	ARS-49
2	4	MDA5-13
2	4	MDA5-17
2	4	MDA5-24
2	4	MDA5-26
2	4	MDA5-3
2	4	MDA5-35
2	4	MDA5-44
2	4	MDA5-51
2	5	ARS-15
2	5	ARS-19
2	5	ARS-21
2	5	ARS-27
2	5	ARS-28
2	5	ARS-39
2	5	ARS-43
2	5	ARS-7
2	5	MDA5-12
2	5	MDA5-16
2	5	MDA5-21
2	5	MDA5-23
2	5	MDA5-25
2	5	MDA5-27
2	5	MDA5-48
2	5	MDA5-6
3	1	ARS-13
3	1	ARS-17
3	1	ARS-22
3	1	ARS-23
3	1	ARS-26
3	1	ARS-39
3	1	ARS-44
3	1	ARS-50
3	1	ARS-6
3	1	ARS-9
3	1	MDA5-1
3	1	MDA5-13
3	1	MDA5-22
3	1	MDA5-27
3	1	MDA5-32
3	1	MDA5-40
3	1	MDA5-46
3	1	MDA5-47
3	1	MDA5-53
3	2	ARS-11
3	2	ARS-20
3	2	ARS-21
3	2	ARS-24
3	2	ARS-28
3	2	ARS-29
3	2	ARS-30
3	2	ARS-41
3	2	ARS-43
3	2	ARS-48
3	2	MDA5-12
3	2	MDA5-21
3	2	MDA5-36
3	2	MDA5-4
3	2	MDA5-43
3	2	MDA5-44
3	2	MDA5-49
3	2	MDA5-6
3	2	MDA5-8
3	3	ARS-1
3	3	ARS-15
3	3	ARS-16
3	3	ARS-2
3	3	ARS-33
3	3	ARS-34
3	3	ARS-42
3	3	ARS-5
3	3	ARS-7
3	3	MDA5-18
3	3	MDA5-25
3	3	MDA5-29
3	3	MDA5-3
3	3	MDA5-35
3	3	MDA5-37
3	3	MDA5-38
3	3	MDA5-39
3	4	ARS-12
3	4	ARS-27
3	4	ARS-36
3	4	ARS-37
3	4	ARS-38
3	4	ARS-45
3	4	ARS-47
3	4	ARS-8
3	4	MDA5-23
3	4	MDA5-42
3	4	MDA5-48
3	4	MDA5-5
3	4	MDA5-51
3	4	MDA5-52
3	4	MDA5-55
3	4	MDA5-9
3	5	ARS-14
3	5	ARS-19
3	5	ARS-31
3	5	ARS-35
3	5	ARS-4
3	5	ARS-40
3	5	ARS-46
3	5	ARS-49
3	5	MDA5-11
3	5	MDA5-16
3	5	MDA5-17
3	5	MDA5-2
3	5	MDA5-20
3	5	MDA5-24
3	5	MDA5-26
3	5	MDA5-31
4	1	ARS-1
4	1	ARS-12
4	1	ARS-16
4	1	ARS-19
4	1	ARS-21
4	1	ARS-30
4	1	ARS-38
4	1	ARS-42
4	1	ARS-43
4	1	ARS-7
4	1	MDA5-16
4	1	MDA5-22
4	1	MDA5-36
4	1	MDA5-4
4	1	MDA5-42
4	1	MDA5-44
4	1	MDA5-48
4	1	MDA5-49
4	1	MDA5-9
4	2	ARS-24
4	2	ARS-29
4	2	ARS-31
4	2	ARS-33
4	2	ARS-37
4	2	ARS-39
4	2	ARS-46
4	2	ARS-47
4	2	ARS-49
4	2	ARS-5
4	2	MDA5-11
4	2	MDA5-17
4	2	MDA5-27
4	2	MDA5-3
4	2	MDA5-38
4	2	MDA5-39
4	2	MDA5-47
4	2	MDA5-55
4	2	MDA5-8
4	3	ARS-15
4	3	ARS-17
4	3	ARS-20
4	3	ARS-23
4	3	ARS-34
4	3	ARS-36
4	3	ARS-4
4	3	ARS-45
4	3	ARS-48
4	3	MDA5-1
4	3	MDA5-20
4	3	MDA5-26
4	3	MDA5-40
4	3	MDA5-43
4	3	MDA5-5
4	3	MDA5-52
4	3	MDA5-53
4	4	ARS-11
4	4	ARS-13
4	4	ARS-22
4	4	ARS-26
4	4	ARS-27
4	4	ARS-41
4	4	ARS-44
4	4	ARS-6
4	4	MDA5-13
4	4	MDA5-21
4	4	MDA5-23
4	4	MDA5-24
4	4	MDA5-25
4	4	MDA5-29
4	4	MDA5-32
4	4	MDA5-46
4	5	ARS-14
4	5	ARS-2
4	5	ARS-28
4	5	ARS-35
4	5	ARS-40
4	5	ARS-50
4	5	ARS-8
4	5	ARS-9
4	5	MDA5-12
4	5	MDA5-18
4	5	MDA5-2
4	5	MDA5-31
4	5	MDA5-35
4	5	MDA5-37
4	5	MDA5-51
4	5	MDA5-6
5	1	ARS-14
5	1	ARS-15
5	1	ARS-16
5	1	ARS-28
5	1	ARS-30
5	1	ARS-42
5	1	ARS-5
5	1	ARS-50
5	1	ARS-6
5	1	ARS-7
5	1	MDA5-13
5	1	MDA5-2
5	1	MDA5-20
5	1	MDA5-23
5	1	MDA5-29
5	1	MDA5-40
5	1	MDA5-44
5	1	MDA5-49
5	1	MDA5-51
5	2	ARS-1
5	2	ARS-20
5	2	ARS-23
5	2	ARS-24
5	2	ARS-29
5	2	ARS-34
5	2	ARS-36
5	2	ARS-39
5	2	ARS-40
5	2	ARS-45
5	2	MDA5-11
5	2	MDA5-16
5	2	MDA5-17
5	2	MDA5-18
5	2	MDA5-25
5	2	MDA5-42
5	2	MDA5-5
5	2	MDA5-52
5	2	MDA5-55
5	3	ARS-11
5	3	ARS-19
5	3	ARS-26
5	3	ARS-31
5	3	ARS-38
5	3	ARS-41
5	3	ARS-43
5	3	ARS-46
5	3	ARS-9
5	3	MDA5-12
5	3	MDA5-26
5	3	MDA5-3
5	3	MDA5-35
5	3	MDA5-53
5	3	MDA5-6
5	3	MDA5-8
5	3	MDA5-9
5	4	ARS-12
5	4	ARS-13
5	4	ARS-17
5	4	ARS-2
5	4	ARS-27
5	4	ARS-35
5	4	ARS-44
5	4	ARS-47
5	4	MDA5-22
5	4	MDA5-24
5	4	MDA5-31
5	4	MDA5-32
5	4	MDA5-36
5	4	MDA5-38
5	4	MDA5-4
5	4	MDA5-48
5	5	ARS-21
5	5	ARS-22
5	5	ARS-33
5	5	ARS-37
5	5	ARS-4
5	5	ARS-48
5	5	ARS-49
5	5	ARS-8
5	5	MDA5-1
5	5	MDA5-21
5	5	MDA5-27
5	5	MDA5-37
5	5	MDA5-39
5	5	MDA5-43
5	5	MDA5-46
5	5	MDA5-47
6	1	ARS-13
6	1	ARS-20
6	1	ARS-23
6	1	ARS-28
6	1	ARS-29
6	1	ARS-34
6	1	ARS-48
6	1	ARS-5
6	1	ARS-6
6	1	ARS-8
6	1	MDA5-17
6	1	MDA5-22
6	1	MDA5-24
6	1	MDA5-3
6	1	MDA5-35
6	1	MDA5-42
6	1	MDA5-44
6	1	MDA5-46
6	1	MDA5-53
6	2	ARS-1
6	2	ARS-11
6	2	ARS-12
6	2	ARS-26
6	2	ARS-39
6	2	ARS-4
6	2	ARS-43
6	2	ARS-45
6	2	ARS-47
6	2	ARS-9
6	2	MDA5-16
6	2	MDA5-2
6	2	MDA5-20
6	2	MDA5-27
6	2	MDA5-37
6	2	MDA5-4
6	2	MDA5-49
6	2	MDA5-5
6	2	MDA5-51
6	3	ARS-17
6	3	ARS-19
6	3	ARS-2
6	3	ARS-21
6	3	ARS-27
6	3	ARS-36
6	3	ARS-38
6	3	ARS-40
6	3	ARS-7
6	3	MDA5-18
6	3	MDA5-21
6	3	MDA5-29
6	3	MDA5-36
6	3	MDA5-40
6	3	MDA5-43
6	3	MDA5-52
6	3	MDA5-6
6	4	ARS-14
6	4	ARS-15
6	4	ARS-16
6	4	ARS-30
6	4	ARS-31
6	4	ARS-35
6	4	ARS-37
6	4	ARS-50
6	4	MDA5-1
6	4	MDA5-11
6	4	MDA5-25
6	4	MDA5-26
6	4	MDA5-31
6	4	MDA5-32
6	4	MDA5-39
6	4	MDA5-47
6	5	ARS-22
6	5	ARS-24
6	5	ARS-33
6	5	ARS-41
6	5	ARS-42
6	5	ARS-44
6	5	ARS-46
6	5	ARS-49
6	5	MDA5-12
6	5	MDA5-13
6	5	MDA5-23
6	5	MDA5-38
6	5	MDA5-48
6	5	MDA5-55
6	5	MDA5-8
6	5	MDA5-9
7	1	ARS-2
7	1	ARS-21
7	1	ARS-28
7	1	ARS-29
7	1	ARS-31
7	1	ARS-34
7	1	ARS-36
7	1	ARS-41
7	1	ARS-5
7	1	ARS-7
7	1	MDA5-2
7	1	MDA5-23
7	1	MDA5-29
7	1	MDA5-32
7	1	MDA5-36
7	1	MDA5-38
7	1	MDA5-40
7	1	MDA5-43
7	1	MDA5-52
7	2	ARS-1
7	2	ARS-17
7	2	ARS-19
7	2	ARS-22
7	2	ARS-24
7	2	ARS-35
7	2	ARS-42
7	2	ARS-49
7	2	ARS-6
7	2	ARS-9
7	2	MDA5-11
7	2	MDA5-18
7	2	MDA5-25
7	2	MDA5-27
7	2	MDA5-35
7	2	MDA5-44
7	2	MDA5-46
7	2	MDA5-51
7	2	MDA5-6
7	3	ARS-11
7	3	ARS-23
7	3	ARS-38
7	3	ARS-40
7	3	ARS-43
7	3	ARS-44
7	3	ARS-46
7	3	ARS-50
7	3	ARS-8
7	3	MDA5-13
7	3	MDA5-20
7	3	MDA5-21
7	3	MDA5-3
7	3	MDA5-31
7	3	MDA5-42
7	3	MDA5-49
7	3	MDA5-5
7	4	ARS-15
7	4	ARS-20
7	4	ARS-27
7	4	ARS-30
7	4	ARS-33
7	4	ARS-37
7	4	ARS-39
7	4	ARS-47
7	4	MDA5-12
7	4	MDA5-24
7	4	MDA5-26
7	4	MDA5-47
7	4	MDA5-48
7	4	MDA5-55
7	4	MDA5-8
7	4	MDA5-9
7	5	ARS-12
7	5	ARS-13
7	5	ARS-14
7	5	ARS-16
7	5	ARS-26
7	5	ARS-4
7	5	ARS-45
7	5	ARS-48
7	5	MDA5-1
7	5	MDA5-16
7	5	MDA5-17
7	5	MDA5-22
7	5	MDA5-37
7	5	MDA5-39
7	5	MDA5-4
7	5	MDA5-53
8	1	ARS-15
8	1	ARS-19
8	1	ARS-2
8	1	ARS-29
8	1	ARS-31
8	1	ARS-37
8	1	ARS-42
8	1	ARS-43
8	1	ARS-47
8	1	ARS-50
8	1	MDA5-17
8	1	MDA5-2
8	1	MDA5-21
8	1	MDA5-27
8	1	MDA5-39
8	1	MDA5-47
8	1	MDA5-5
8	1	MDA5-53
8	1	MDA5-55
8	2	ARS-1
8	2	ARS-12
8	2	ARS-17
8	2	ARS-20
8	2	ARS-24
8	2	ARS-33
8	2	ARS-46
8	2	ARS-49
8	2	ARS-5
8	2	ARS-8
8	2	MDA5-11
8	2	MDA5-12
8	2	MDA5-24
8	2	MDA5-31
8	2	MDA5-32
8	2	MDA5-35
8	2	MDA5-36
8	2	MDA5-44
8	2	MDA5-52
8	3	ARS-11
8	3	ARS-13
8	3	ARS-14
8	3	ARS-22
8	3	ARS-36
8	3	ARS-38
8	3	ARS-4
8	3	ARS-45
8	3	ARS-6
8	3	MDA5-22
8	3	MDA5-3
8	3	MDA5-38
8	3	MDA5-40
8	3	MDA5-42
8	3	MDA5-46
8	3	MDA5-51
8	3	MDA5-8
8	4	ARS-26
8	4	ARS-27
8	4	ARS-30
8	4	ARS-35
8	4	ARS-40
8	4	ARS-41
8	4	ARS-48
8	4	ARS-9
8	4	MDA5-1
8	4	MDA5-13
8	4	MDA5-23
8	4	MDA5-26
8	4	MDA5-37
8	4	MDA5-4
8	4	MDA5-48
8	4	MDA5-9
8	5	ARS-16
8	5	ARS-21
8	5	ARS-23
8	5	ARS-28
8	5	ARS-34
8	5	ARS-39
8	5	ARS-44
8	5	ARS-7
8	5	MDA5-16
8	5	MDA5-18
8	5	MDA5-20
8	5	MDA5-25
8	5	MDA5-29
8	5	MDA5-43
8	5	MDA5-49
8	5	MDA5-6
9	1	ARS-14
9	1	ARS-16
9	1	ARS-17
9	1	ARS-19
9	1	ARS-2
9	1	ARS-24
9	1	ARS-34
9	1	ARS-4
9	1	ARS-50
9	1	ARS-8
9	1	MDA5-1
9	1	MDA5-11
9	1	MDA5-17
9	1	MDA5-18
9	1	MDA5-2
9	1	MDA5-27
9	1	MDA5-40
9	1	MDA5-43
9	1	MDA5-6
9	2	ARS-11
9	2	ARS-12
9	2	ARS-31
9	2	ARS-36
9	2	ARS-44
9	2	ARS-45
9	2	ARS-48
9	2	ARS-49
9	2	ARS-6
9	2	ARS-7
9	2	MDA5-16
9	2	MDA5-26
9	2	MDA5-36
9	2	MDA5-4
9	2	MDA5-46
9	2	MDA5-48
9	2	MDA5-51
9	2	MDA5-52
9	2	MDA5-8
9	3	ARS-1
9	3	ARS-15
9	3	ARS-21
9	3	ARS-22
9	3	ARS-27
9	3	ARS-33
9	3	ARS-41
9	3	ARS-42
9	3	ARS-43
9	3	MDA5-21
9	3	MDA5-22
9	3	MDA5-3
9	3	MDA5-31
9	3	MDA5-32
9	3	MDA5-38
9	3	MDA5-39
9	3	MDA5-49
9	4	ARS-23
9	4	ARS-26
9	4	ARS-30
9	4	ARS-37
9	4	ARS-40
9	4	ARS-46
9	4	ARS-47
9	4	ARS-5
9	4	MDA5-12
9	4	MDA5-13
9	4	MDA5-23
9	4	MDA5-29
9	4	MDA5-35
9	4	MDA5-37
9	4	MDA5-47
9	4	MDA5-9
9	5	ARS-13
9	5	ARS-20
9	5	ARS-28
9	5	ARS-29
9	5	ARS-35
9	5	ARS-38
9	5	ARS-39
9	5	ARS-9
9	5	MDA5-20
9	5	MDA5-24
9	5	MDA5-25
9	5	MDA5-42
9	5	MDA5-44
9	5	MDA5-5
9	5	MDA5-53
9	5	MDA5-55
10	1	ARS-12
10	1	ARS-15
10	1	ARS-28
10	1	ARS-30
10	1	ARS-31
10	1	ARS-38
10	1	ARS-42
10	1	ARS-45
10	1	ARS-6
10	1	ARS-7
10	1	MDA5-13
10	1	MDA5-18
10	1	MDA5-29
10	1	MDA5-3
10	1	MDA5-35
10	1	MDA5-36
10	1	MDA5-40
10	1	MDA5-44
10	1	MDA5-8
10	2	ARS-11
10	2	ARS-21
10	2	ARS-26
10	2	ARS-27
10	2	ARS-33
10	2	ARS-34
10	2	ARS-35
10	2	ARS-36
10	2	ARS-49
10	2	ARS-5
10	2	MDA5-11
10	2	MDA5-22
10	2	MDA5-24
10	2	MDA5-26
10	2	MDA5-32
10	2	MDA5-39
10	2	MDA5-4
10	2	MDA5-43
10	2	MDA5-48
10	3	ARS-14
10	3	ARS-16
10	3	ARS-19
10	3	ARS-20
10	3	ARS-24
10	3	ARS-37
10	3	ARS-4
10	3	ARS-43
10	3	ARS-8
10	3	MDA5-12
10	3	MDA5-17
10	3	MDA5-2
10	3	MDA5-37
10	3	MDA5-38
10	3	MDA5-46
10	3	MDA5-47
10	3	MDA5-52
10	4	ARS-13
10	4	ARS-17
10	4	ARS-22
10	4	ARS-40
10	4	ARS-46
10	4	ARS-47
10	4	ARS-48
10	4	ARS-9
10	4	MDA5-21
10	4	MDA5-27
10	4	MDA5-42
10	4	MDA5-51
10	4	MDA5-53
10	4	MDA5-55
10	4	MDA5-6
10	4	MDA5-9
10	5	ARS-1
10	5	ARS-2
10	5	ARS-23
10	5	ARS-29
10	5	ARS-39
10	5	ARS-41
10	5	ARS-44
10	5	ARS-50
10	5	MDA5-1
10	5	MDA5-16
10	5	MDA5-20
10	5	MDA5-23
10	5	MDA5-25
10	5	MDA5-31
10	5	MDA5-49
10	5	MDA5-5
