sample_id	sample_library_id	group	age	sex	disease_duration_years	FVC_pct	MMT8	steroid_daily_mg	DLCO_pct	DLCO_severity	DLCO_severity_code
MDA5-1	230821-IM-U4_BC11	MDA5	53	女	2.3835616438356166	68.5	80	1.25	63	轻	1
MDA5-2	230821-IM-U2_BC12	MDA5	42	男	1.7424657534246575	88	80	5	75	轻	1
MDA5-3	230821-IM-U2_BC13	MDA5	32	女	2.3068493150684932	63			66	轻	1
MDA5-4	230821-IM-U5_BC14	MDA5	39	女	2.4027397260273973	82	80	5	55	中	2
MDA5-5	230821-IM-U4_BC15	MDA5	49	女	3.7315068493150685	88.4	80	5	73.3	轻	1
MDA5-6	230821-IM-U2_BC16	MDA5	47	男	1.326027397260274	99	80	7.5	75	轻	1
MDA5-7	230821-IM-U1_BC17	MDA5	15	男	1.358904109589041		80	7.5			
MDA5-8	230821-IM-U4_BC18	MDA5	50	女	6.868493150684931	105	80	7.5	71	轻	1
MDA5-9	230821-IM-U5_BC19	MDA5	56	女	3.254794520547945	99.9	80		71.2	轻	1
MDA5-10	230821-IM-U5_BC20	MDA5	43	男	1.2767123287671234		80	60			
MDA5-11	230905-IM-U1_BC16	MDA5	35	女	1.6931506849315068	56	80	15	63	轻	1
MDA5-12	230905-IM-U5_BC21	MDA5	32	女	2.958904109589041	68	68	7.5	37	重	3
MDA5-13	230905-IM-U3_BC22	MDA5	51	女	0.36712328767123287	66	80	30	60	轻	1
MDA5-14	230905-IM-U7_BC23	MDA5	50	女	0.5561643835616439		80	50			
MDA5-15	230905-IM-U7_BC24	MDA5	58	女	1.2273972602739727		80	40			
MDA5-16	230905-IM-U7_BC25	MDA5	35	女	1.3945205479452054	102	80		98	轻	1
MDA5-17	230905-IM-U2_BC26	MDA5	53	女	0.42191780821917807	54	80		35	重	3
MDA5-18	230905-IM-U5_BC28	MDA5	22	女	0.547945205479452	55	80	20	42	中	2
MDA5-19	230905-IM-U7_BC30	MDA5	35	男	0.4054794520547945		69	45			
MDA5-20	230905-IM-U2_BC31	MDA5	35	男	1.336986301369863	96	80	30	55	中	2
MDA5-21	230905-IM-U6_BC32	MDA5	44	男	0.7506849315068493	103	80	7.5	97	轻	1
MDA5-22	230905-IM-U2_BC33	MDA5	34	女	0.4438356164383562	110	80	36	84	轻	1
MDA5-23	230914-IM-U2_BC11	MDA5	40	女	0.3972602739726027	73.9	80	20	52.3	中	2
MDA5-24	230914-IM-U8_BC12	MDA5	41	男	1.4164383561643836	100	80	8	80	轻	1
MDA5-25	230914-IM-U6_BC13	MDA5	32	女	0.4328767123287671	65	72		69	轻	1
MDA5-26	230914-IM-U3_BC14	MDA5	54	女	1.9342465753424658	62	80	20	35.4	重	3
MDA5-27	230914-IM-U5_BC19	MDA5	43	女	0.673972602739726	98.3	80	10	44.2	中	2
MDA5-28	230914-IM-U3_BC20	MDA5	49	男	0.5068493150684932		80	20			
MDA5-29	230914-IM-U5_BC21	MDA5	46	女	0.25753424657534246	104	80	40	73	轻	1
MDA5-30	230914-IM-U2_BC22	MDA5	52	女	0.2602739726027397		64				
MDA5-31	230914-IM-U5_BC23	MDA5	53	男	2.441095890410959	80	80	7.5	71	轻	1
MDA5-32	230914-IM-U3_BC24	MDA5	36	女	2.164383561643836	75	80	7.5	53	中	2
MDA5-33	230914-IM-U3_BC25	MDA5	22	男	2.095890410958904		80				
MDA5-34	230914-IM-U2_BC26	MDA5	38	男	1.2219178082191782		80				
MDA5-35	230914-IM-U2_BC27	MDA5	46	女	1.010958904109589	60	80	20	45	中	2
MDA5-36	230914-IM-U5_BC28	MDA5	41	女	0.34794520547945207	72	74		43	中	2
MDA5-37	230914-IM-U6_BC29	MDA5	49	女	0.19726027397260273	98.8	80	30	61.3	轻	1
MDA5-38	230914-IM-U8_BC30	MDA5	35	男	0.336986301369863	88	80		67	轻	1
MDA5-39	230914-IM-U8_BC31	MDA5	59	男	0.16986301369863013	69	80		37	重	3
MDA5-40	230914-IM-U5_BC33	MDA5	30	男	0.8328767123287671	64.8	80	14	56.7	中	2
MDA5-41	230914-IM-U8_BC34	MDA5	58	女	0.2465753424657534		80				
MDA5-42	230914-IM-U6_BC35	MDA5	51	女	0.2493150684931507	90	80		57	中	2
MDA5-43	230914-IM-U8_BC36	MDA5	49	女	0.5150684931506849	115	80	17.5	71	轻	1
MDA5-44	230914-IM-U6_BC38	MDA5	27	女	0.9506849315068493	66	80	60	85	轻	1
MDA5-45	230926-IM-U7_BC26	MDA5	44	女				10			
MDA5-46	230926-IM-U2_BC28	MDA5	66	女		100			45	中	2
MDA5-47	230926-IM-U3_BC29	MDA5	48	男		67.5		50	67.7	轻	1
MDA5-48	230926-IM-U3_BC30	MDA5	36	女		86.4		15	70.1	轻	1
MDA5-49	230926-IM-U7_BC31	MDA5	41	男		69		20	52	中	2
MDA5-50	230926-IM-U7_BC32	MDA5	15	女							
MDA5-51	230926-IM-U7_BC33	MDA5	32	男		79			88	轻	1
MDA5-52	230926-IM-U1_BC34	MDA5	47	男		101		12.5	71	轻	1
MDA5-53	230926-IM-U2_BC35	MDA5	67	女		104		1.5	86	轻	1
MDA5-54	230926-IM-U2_BC36	MDA5	39	女							
MDA5-55	230926-IM-U2_BC37	MDA5	39	男		101		15	56	中	2
ARS-1	230821-IM-U2_BC21	ARS	39	女	3.6027397260273974	80	80		67	轻	1
ARS-2	230821-IM-U5_BC22	ARS	44	女	8.841095890410958	90	80	10	65	轻	1
ARS-3	230821-IM-U4_BC23	ARS	47	女	6.336986301369863		65				
ARS-4	230821-IM-U4_BC24	ARS	50	女	1.9123287671232876	130		10	65	轻	1
ARS-5	230821-IM-U2_BC25	ARS	52	女	2.6794520547945204	50.5	80	8	41.5	中	2
ARS-6	230821-IM-U1_BC26	ARS	53	女	5.427397260273972	82	80	7.5	70	轻	1
ARS-7	230821-IM-U4_BC27	ARS	53	男	5.1945205479452055	105			77	轻	1
ARS-8	230821-IM-U1_BC28	ARS	37	女	3.7753424657534245	47.4	80	8	50.4	中	2
ARS-9	230821-IM-U5_BC29	ARS	55	女	5.4	71	80	5	58	中	2
ARS-10	230821-IM-U1_BC30	ARS	38	女	0.4191780821917808		80	12.5			
ARS-11	230905-IM-U1_BC18	ARS	43	女	3.673972602739726	87	80	2.5	50	中	2
ARS-12	230905-IM-U3_BC17	ARS	60	男	1.8520547945205479	74.1		30	42.3	中	2
ARS-13	230905-IM-U1_BC15	ARS	20	女	2.9945205479452053	52.3	80	7.5	39.9	重	3
ARS-14	230905-IM-U6_BC14	ARS	56	男	2.164383561643836	96	80	10	49	中	2
ARS-15	230905-IM-U5_BC13	ARS	50	女	7.123287671232877	70	80	10	57	中	2
ARS-16	230905-IM-U6_BC12	ARS	47	女	3.7205479452054795	104.2	80	10	66.3	轻	1
ARS-17	230905-IM-U5_BC11	ARS	52	男	3.2383561643835614	108	80	10	59	中	2
ARS-18	230905-IM-U5_BC19	ARS	57	女	1.8356164383561644		67				
ARS-19	230905-IM-U3_BC20	ARS	44	女	2.6575342465753424	69			52	中	2
ARS-20	230905-IM-U6_BC27	ARS	66	男	0.7041095890410959	102			80	轻	1
ARS-21	230905-IM-U1_BC29	ARS	45	女	0.23835616438356164	64	80		40	中	2
ARS-22	230905-IM-U3_BC34	ARS	46	男	6.5479452054794525	75	80		74	轻	1
ARS-23	230905-IM-U6_BC35	ARS	43	女	4.695890410958904	67.2	80	10	61.4	轻	1
ARS-24	230905-IM-U2_BC36	ARS	38	女	7.284931506849315	86	80	7.5	62	轻	1
ARS-25	230905-IM-U3_BC37	ARS	54	男	10.616438356164384		80	40			
ARS-26	230905-IM-U7_BC38	ARS	57	女	0.36164383561643837	66	77		61	轻	1
ARS-27	230905-IM-U1_BC39	ARS	51	女	4.64931506849315	101	79		88	轻	1
ARS-28	230914-IM-U6_BC15	ARS	54	女	2.3917808219178083	90.6	80	5	94.2	轻	1
ARS-29	230914-IM-U3_BC16	ARS	41	女	0.13972602739726028	76	76	10	52	中	2
ARS-30	230914-IM-U2_BC17	ARS	54	女	1.4109589041095891	78.7	77	30	45.6	中	2
ARS-31	230914-IM-U5_BC18	ARS	31	女	2.197260273972603	52.8	80		82.6	轻	1
ARS-32	230914-IM-U6_BC32	ARS	61	女	0.4794520547945205		80	60			
ARS-33	230914-IM-U2_BC37	ARS	36	女	2.7643835616438355	63	80	7.5	62	轻	1
ARS-34	230914-IM-U1_BC39	ARS	29	男	0.4383561643835616	62	70	30	51	中	2
ARS-35	230926-IM-U8_BC11	ARS	33	女	11.723287671232876	73	79		75	轻	1
ARS-36	230926-IM-U3_BC12	ARS	48	女	11.772602739726027	69	80	2.5	65	轻	1
ARS-37	230926-IM-U8_BC13	ARS	59	女	8.70958904109589	90.7	80		54.4	中	2
ARS-38	230926-IM-U7_BC14	ARS	75	女	4.484931506849315	96		1.5	64	轻	1
ARS-39	230926-IM-U6_BC15	ARS	60	男	7.372602739726028	80.7		2	52.9	中	2
ARS-40	230926-IM-U2_BC16	ARS	58	女	6.7534246575342465	84	80	1.5	36	重	3
ARS-41	230926-IM-U7_BC17	ARS	31	女	11.775342465753425	81.9	80	5	46	中	2
ARS-42	230926-IM-U3_BC18	ARS	66	女	7.978082191780822	53.2			47	中	2
ARS-43	230926-IM-U6_BC19	ARS	45	女	2.326027397260274	92	80	5	72	轻	1
ARS-44	230926-IM-U3_BC20	ARS	56	男	2.745205479452055	95.9	80		59.1	中	2
ARS-45	230926-IM-U6_BC21	ARS	42	女	12.213698630136987	51		15	30	重	3
ARS-46	230926-IM-U8_BC22	ARS	30	女	6.304109589041096	83	80	5	67	轻	1
ARS-47	230926-IM-U6_BC23	ARS	34	女	4.021917808219178	95	80	5	72	轻	1
ARS-48	230926-IM-U2_BC24	ARS	64	男	1.3287671232876712	84	80	10	68	轻	1
ARS-49	230926-IM-U6_BC25	ARS	40	男	4.912328767123288	56.1	80	5	41.6	中	2
ARS-50	230926-IM-U6_BC27	ARS	26	男		50		40	141.9	轻	1
