comparison	sample_id	truth	probability	set
MDA5_vs_HC	MDA5-1	1	0.876039284884194	training
MDA5_vs_HC	MDA5-10	1	0.771458144821961	training
MDA5_vs_HC	MDA5-14	1	0.875190131837657	training
MDA5_vs_HC	MDA5-17	1	0.984852998635553	training
MDA5_vs_HC	MDA5-29	1	0.964963010871321	training
MDA5_vs_HC	MDA5-41	1	0.99789229634253	training
MDA5_vs_HC	MDA5-42	1	0.959828270941991	training
MDA5_vs_HC	MDA5-47	1	0.815892112155246	training
MDA5_vs_HC	MDA5-48	1	0.833390837746131	training
MDA5_vs_HC	HC-13	0	0.00527411276962873	training
MDA5_vs_HC	HC-15	0	0.135173353891256	training
MDA5_vs_HC	HC-16	0	0.090077283229531	training
MDA5_vs_HC	HC-26	0	0.00224900406848352	training
MDA5_vs_HC	HC-36	0	0.0158054557187485	training
MDA5_vs_HC	HC-40	0	0.000815823571808143	training
MDA5_vs_HC	HC-42	0	0.00248335399292959	training
MDA5_vs_HC	MDA5-6	1	0.894224334169459	training
MDA5_vs_HC	MDA5-8	1	0.914048068713873	training
MDA5_vs_HC	MDA5-16	1	0.80092471520296	training
MDA5_vs_HC	MDA5-21	1	0.984065918103974	training
MDA5_vs_HC	MDA5-23	1	0.976950591190796	training
MDA5_vs_HC	MDA5-30	1	0.965662702426804	training
MDA5_vs_HC	MDA5-31	1	0.992245756949083	training
MDA5_vs_HC	MDA5-45	1	0.956372405062945	training
MDA5_vs_HC	MDA5-54	1	0.987040403387026	training
MDA5_vs_HC	HC-5	0	0.0171330617746439	training
MDA5_vs_HC	HC-8	0	0.438377492509846	training
MDA5_vs_HC	HC-11	0	0.0609503136981876	training
MDA5_vs_HC	HC-23	0	0.0471784288950395	training
MDA5_vs_HC	HC-45	0	0.00287315075079532	training
MDA5_vs_HC	HC-46	0	0.00141833534822425	training
MDA5_vs_HC	HC-55	0	0.191471356200382	training
MDA5_vs_HC	MDA5-3	1	0.232916308466413	training
MDA5_vs_HC	MDA5-15	1	0.961152872656128	training
MDA5_vs_HC	MDA5-22	1	0.967650129891897	training
MDA5_vs_HC	MDA5-25	1	0.949618118436443	training
MDA5_vs_HC	MDA5-32	1	0.934609146162338	training
MDA5_vs_HC	MDA5-36	1	0.991368112315324	training
MDA5_vs_HC	MDA5-50	1	0.917588316554715	training
MDA5_vs_HC	MDA5-55	1	0.966892440331569	training
MDA5_vs_HC	HC-4	0	0.317236968716841	training
MDA5_vs_HC	HC-14	0	0.0589617395395873	training
MDA5_vs_HC	HC-18	0	0.00971367450469771	training
MDA5_vs_HC	HC-25	0	0.00611254689431626	training
MDA5_vs_HC	HC-32	0	0.000491119028312152	training
MDA5_vs_HC	HC-35	0	0.00652044591525095	training
MDA5_vs_HC	HC-43	0	0.0190130243973175	training
MDA5_vs_HC	MDA5-7	1	0.2471767555496	training
MDA5_vs_HC	MDA5-13	1	0.966442344391717	training
MDA5_vs_HC	MDA5-34	1	0.971812033297463	training
MDA5_vs_HC	MDA5-35	1	0.972948891634563	training
MDA5_vs_HC	MDA5-37	1	0.928678805390219	training
MDA5_vs_HC	MDA5-52	1	0.983058278995791	training
MDA5_vs_HC	HC-17	0	0.00193512361883492	training
MDA5_vs_HC	HC-21	0	0.322851244812101	training
MDA5_vs_HC	HC-28	0	0.00878677233126553	training
MDA5_vs_HC	HC-29	0	0.00457842244252366	training
MDA5_vs_HC	HC-33	0	0.00161023302344092	training
MDA5_vs_HC	HC-48	0	0.238325888833161	training
MDA5_vs_HC	HC-49	0	0.00127370237898575	training
MDA5_vs_HC	MDA5-9	1	0.93333240866981	training
MDA5_vs_HC	MDA5-19	1	0.927270979097439	training
MDA5_vs_HC	MDA5-33	1	0.934491417194019	training
MDA5_vs_HC	MDA5-39	1	0.995772678227279	training
MDA5_vs_HC	MDA5-40	1	0.990717647456114	training
MDA5_vs_HC	MDA5-49	1	0.739763750555615	training
MDA5_vs_HC	HC-3	0	0.236768536332496	training
MDA5_vs_HC	HC-9	0	0.492045782852833	training
MDA5_vs_HC	HC-19	0	0.428083318238923	training
MDA5_vs_HC	HC-22	0	0.164833376500848	training
MDA5_vs_HC	HC-34	0	0.0170383597213482	training
MDA5_vs_HC	HC-37	0	0.00120733254098389	training
MDA5_vs_HC	HC-39	0	0.00378217262647033	training
MDA5_vs_HC	MDA5-2	1	0.0741982704302979	internal_test
MDA5_vs_HC	MDA5-4	1	0.850673629609655	internal_test
MDA5_vs_HC	MDA5-5	1	0.889330475377595	internal_test
MDA5_vs_HC	MDA5-11	1	0.71828839156578	internal_test
MDA5_vs_HC	MDA5-12	1	0.921878160683954	internal_test
MDA5_vs_HC	MDA5-18	1	0.95142775839317	internal_test
MDA5_vs_HC	MDA5-20	1	0.987931492263369	internal_test
MDA5_vs_HC	MDA5-24	1	0.984829491667139	internal_test
MDA5_vs_HC	MDA5-26	1	0.995137042842024	internal_test
MDA5_vs_HC	MDA5-27	1	0.955334421880869	internal_test
MDA5_vs_HC	MDA5-28	1	0.994846885506761	internal_test
MDA5_vs_HC	MDA5-38	1	0.996666165646122	internal_test
MDA5_vs_HC	MDA5-43	1	0.986767148307956	internal_test
MDA5_vs_HC	MDA5-44	1	0.998560146284247	internal_test
MDA5_vs_HC	MDA5-46	1	0.900537230794219	internal_test
MDA5_vs_HC	MDA5-51	1	0.985860504691602	internal_test
MDA5_vs_HC	MDA5-53	1	0.758666019537465	internal_test
MDA5_vs_HC	HC-1	0	0.040683630426603	internal_test
MDA5_vs_HC	HC-2	0	0.360297432495787	internal_test
MDA5_vs_HC	HC-6	0	0.0306461300918329	internal_test
MDA5_vs_HC	HC-7	0	0.016234116549227	internal_test
MDA5_vs_HC	HC-10	0	0.130234564428634	internal_test
MDA5_vs_HC	HC-20	0	0.0157310206546028	internal_test
MDA5_vs_HC	HC-24	0	0.00165895216954495	internal_test
MDA5_vs_HC	HC-27	0	0.0125168714916163	internal_test
MDA5_vs_HC	HC-30	0	0.0299120288384975	internal_test
MDA5_vs_HC	HC-31	0	0.00217444175726176	internal_test
MDA5_vs_HC	HC-38	0	0.132090354651023	internal_test
MDA5_vs_HC	HC-41	0	0.00252541806641433	internal_test
MDA5_vs_HC	HC-44	0	0.0025179661060362	internal_test
MDA5_vs_HC	HC-47	0	0.00249706967413149	internal_test
MDA5_vs_HC	HC-54	0	0.00194151938813435	internal_test
ARS_vs_HC	ARS-1	1	0.875833175510205	training
ARS_vs_HC	ARS-4	1	0.940467883765973	training
ARS_vs_HC	ARS-11	1	0.948878058844732	training
ARS_vs_HC	ARS-23	1	0.990045486750826	training
ARS_vs_HC	ARS-26	1	0.949741670074899	training
ARS_vs_HC	ARS-34	1	0.952595994110859	training
ARS_vs_HC	ARS-35	1	0.990327533815168	training
ARS_vs_HC	ARS-40	1	0.294202577467601	training
ARS_vs_HC	ARS-42	1	0.818531413260476	training
ARS_vs_HC	HC-5	0	0.0518277154128486	training
ARS_vs_HC	HC-9	0	0.364335631770844	training
ARS_vs_HC	HC-19	0	0.278563390299285	training
ARS_vs_HC	HC-22	0	0.340981287754909	training
ARS_vs_HC	HC-32	0	0.144175821558046	training
ARS_vs_HC	HC-42	0	0.013078896214866	training
ARS_vs_HC	HC-55	0	0.772460795914648	training
ARS_vs_HC	ARS-3	1	0.956883335140207	training
ARS_vs_HC	ARS-6	1	0.722410697968507	training
ARS_vs_HC	ARS-14	1	0.986355033179644	training
ARS_vs_HC	ARS-22	1	0.920001682448461	training
ARS_vs_HC	ARS-25	1	0.879634195927328	training
ARS_vs_HC	ARS-31	1	0.976442826333127	training
ARS_vs_HC	ARS-45	1	0.794284913179037	training
ARS_vs_HC	ARS-49	1	0.860402751606121	training
ARS_vs_HC	HC-14	0	0.0628172479030809	training
ARS_vs_HC	HC-16	0	0.017778333773427	training
ARS_vs_HC	HC-23	0	0.210184753781594	training
ARS_vs_HC	HC-29	0	0.00318501712013359	training
ARS_vs_HC	HC-34	0	0.00292237267957079	training
ARS_vs_HC	HC-35	0	0.102835343831759	training
ARS_vs_HC	HC-45	0	0.058384618328794	training
ARS_vs_HC	ARS-9	1	0.948493930465898	training
ARS_vs_HC	ARS-16	1	0.932497159418572	training
ARS_vs_HC	ARS-20	1	0.984339227165386	training
ARS_vs_HC	ARS-28	1	0.980429900089103	training
ARS_vs_HC	ARS-36	1	0.386378927602835	training
ARS_vs_HC	ARS-47	1	0.801519451016484	training
ARS_vs_HC	HC-3	0	0.0479307070594139	training
ARS_vs_HC	HC-8	0	0.41729589169728	training
ARS_vs_HC	HC-17	0	0.110325677224671	training
ARS_vs_HC	HC-26	0	0.130965578266614	training
ARS_vs_HC	HC-37	0	0.0568299779128973	training
ARS_vs_HC	HC-39	0	0.0231491257213502	training
ARS_vs_HC	HC-40	0	0.0489276176345858	training
ARS_vs_HC	ARS-8	1	0.941807696578407	training
ARS_vs_HC	ARS-13	1	0.921541855504484	training
ARS_vs_HC	ARS-19	1	0.900023103260921	training
ARS_vs_HC	ARS-33	1	0.993516179550896	training
ARS_vs_HC	ARS-38	1	0.779770942619652	training
ARS_vs_HC	ARS-44	1	0.929114282767289	training
ARS_vs_HC	HC-15	0	0.0721273386002966	training
ARS_vs_HC	HC-18	0	0.0538115556683283	training
ARS_vs_HC	HC-21	0	0.0529368852827384	training
ARS_vs_HC	HC-25	0	0.123638370316353	training
ARS_vs_HC	HC-33	0	0.0467433694429446	training
ARS_vs_HC	HC-46	0	0.0174052505990434	training
ARS_vs_HC	HC-49	0	0.0135236247128149	training
ARS_vs_HC	ARS-7	1	0.931767595958729	training
ARS_vs_HC	ARS-15	1	0.994876577426317	training
ARS_vs_HC	ARS-27	1	0.842519224117625	training
ARS_vs_HC	ARS-32	1	0.995688903931726	training
ARS_vs_HC	ARS-37	1	0.971741256513706	training
ARS_vs_HC	ARS-50	1	0.934980962335747	training
ARS_vs_HC	HC-4	0	0.0239957124557568	training
ARS_vs_HC	HC-11	0	0.209385741304661	training
ARS_vs_HC	HC-13	0	0.018483431022008	training
ARS_vs_HC	HC-28	0	0.0488720871600477	training
ARS_vs_HC	HC-36	0	0.00481162626483986	training
ARS_vs_HC	HC-43	0	0.0191170714439432	training
ARS_vs_HC	HC-48	0	0.00206604601623597	training
ARS_vs_HC	ARS-2	1	0.994086481764683	internal_test
ARS_vs_HC	ARS-5	1	0.980729933129828	internal_test
ARS_vs_HC	ARS-10	1	0.969463817367574	internal_test
ARS_vs_HC	ARS-12	1	0.957214801240473	internal_test
ARS_vs_HC	ARS-17	1	0.999801502734996	internal_test
ARS_vs_HC	ARS-18	1	0.996513843024496	internal_test
ARS_vs_HC	ARS-21	1	0.987261630785898	internal_test
ARS_vs_HC	ARS-24	1	0.954184703253141	internal_test
ARS_vs_HC	ARS-29	1	0.99908613594274	internal_test
ARS_vs_HC	ARS-30	1	0.997440690436056	internal_test
ARS_vs_HC	ARS-39	1	0.896601519287987	internal_test
ARS_vs_HC	ARS-41	1	0.879263973004687	internal_test
ARS_vs_HC	ARS-43	1	0.995697298366495	internal_test
ARS_vs_HC	ARS-46	1	0.999927329385019	internal_test
ARS_vs_HC	ARS-48	1	0.743159848118472	internal_test
ARS_vs_HC	HC-1	0	0.000634573256759788	internal_test
ARS_vs_HC	HC-2	0	0.0341464826127123	internal_test
ARS_vs_HC	HC-6	0	0.00610512688998445	internal_test
ARS_vs_HC	HC-7	0	0.0338232908232077	internal_test
ARS_vs_HC	HC-10	0	0.0452897121382907	internal_test
ARS_vs_HC	HC-20	0	0.000487360444081193	internal_test
ARS_vs_HC	HC-24	0	0.00362446950264832	internal_test
ARS_vs_HC	HC-27	0	0.0397434142958974	internal_test
ARS_vs_HC	HC-30	0	0.135354323949512	internal_test
ARS_vs_HC	HC-31	0	0.00883007485209094	internal_test
ARS_vs_HC	HC-38	0	0.00277013787279149	internal_test
ARS_vs_HC	HC-41	0	0.00187880512282801	internal_test
ARS_vs_HC	HC-44	0	0.00363894863978252	internal_test
ARS_vs_HC	HC-47	0	0.0256727279268025	internal_test
ARS_vs_HC	HC-54	0	0.00127578665079024	internal_test
MDA5_vs_ARS	MDA5-3	1	0.543507116469994	training
MDA5_vs_ARS	MDA5-9	1	0.336168436579545	training
MDA5_vs_ARS	ARS-4	0	0.627863851636678	training
MDA5_vs_ARS	ARS-8	0	0.0519026340448293	training
MDA5_vs_ARS	ARS-14	0	0.128601263994845	training
MDA5_vs_ARS	ARS-16	0	0.669066786717716	training
MDA5_vs_ARS	MDA5-19	1	0.694531784729758	training
MDA5_vs_ARS	MDA5-21	1	0.507185148192544	training
MDA5_vs_ARS	ARS-25	0	0.534220971416413	training
MDA5_vs_ARS	MDA5-23	1	0.810855549015896	training
MDA5_vs_ARS	ARS-28	0	0.824670873869423	training
MDA5_vs_ARS	MDA5-29	1	0.930424830009913	training
MDA5_vs_ARS	MDA5-41	1	0.817337937088116	training
MDA5_vs_ARS	ARS-36	0	0.161898029082155	training
MDA5_vs_ARS	ARS-40	0	0.637915254950942	training
MDA5_vs_ARS	ARS-47	0	0.247168160622206	training
MDA5_vs_ARS	MDA5-48	1	0.686489068474062	training
MDA5_vs_ARS	MDA5-50	1	0.780760274901242	training
MDA5_vs_ARS	MDA5-1	1	0.542472375616208	training
MDA5_vs_ARS	MDA5-7	1	0.117877347332283	training
MDA5_vs_ARS	ARS-3	0	0.321519833250564	training
MDA5_vs_ARS	ARS-7	0	0.27552279885099	training
MDA5_vs_ARS	ARS-11	0	0.125219746744945	training
MDA5_vs_ARS	ARS-15	0	0.367006925165427	training
MDA5_vs_ARS	MDA5-15	1	0.520970222801916	training
MDA5_vs_ARS	MDA5-16	1	0.552279260847241	training
MDA5_vs_ARS	ARS-26	0	0.662851689558199	training
MDA5_vs_ARS	MDA5-33	1	0.867319733337339	training
MDA5_vs_ARS	MDA5-37	1	0.884197151352465	training
MDA5_vs_ARS	MDA5-42	1	0.844273228001082	training
MDA5_vs_ARS	ARS-33	0	0.396439558455997	training
MDA5_vs_ARS	ARS-37	0	0.592937557546228	training
MDA5_vs_ARS	ARS-49	0	0.0251627881597459	training
MDA5_vs_ARS	MDA5-47	1	0.89250127156105	training
MDA5_vs_ARS	MDA5-55	1	0.921661661189741	training
MDA5_vs_ARS	MDA5-10	1	0.65946878237196	training
MDA5_vs_ARS	ARS-9	0	0.2072211339062	training
MDA5_vs_ARS	ARS-13	0	0.0257251069804258	training
MDA5_vs_ARS	MDA5-13	1	0.783846771226507	training
MDA5_vs_ARS	MDA5-22	1	0.93357949787406	training
MDA5_vs_ARS	ARS-23	0	0.0991215491466485	training
MDA5_vs_ARS	ARS-31	0	0.429490872890701	training
MDA5_vs_ARS	MDA5-30	1	0.918086075582555	training
MDA5_vs_ARS	MDA5-32	1	0.759052898291411	training
MDA5_vs_ARS	MDA5-34	1	0.684399940376587	training
MDA5_vs_ARS	ARS-42	0	0.450123183697088	training
MDA5_vs_ARS	ARS-45	0	0.094629896793566	training
MDA5_vs_ARS	MDA5-52	1	0.638744403613915	training
MDA5_vs_ARS	MDA5-54	1	0.912891540306292	training
MDA5_vs_ARS	MDA5-6	1	0.260585713133172	training
MDA5_vs_ARS	ARS-1	0	0.431500485928004	training
MDA5_vs_ARS	MDA5-17	1	0.881697150632159	training
MDA5_vs_ARS	ARS-20	0	0.830212581713689	training
MDA5_vs_ARS	ARS-22	0	0.0881486058407266	training
MDA5_vs_ARS	MDA5-31	1	0.739289034289668	training
MDA5_vs_ARS	MDA5-35	1	0.667395986578356	training
MDA5_vs_ARS	MDA5-36	1	0.935714162482019	training
MDA5_vs_ARS	ARS-34	0	0.370077742735962	training
MDA5_vs_ARS	ARS-35	0	0.114301478195274	training
MDA5_vs_ARS	ARS-38	0	0.462886084879777	training
MDA5_vs_ARS	MDA5-49	1	0.47023296791925	training
MDA5_vs_ARS	MDA5-8	1	0.298066585047747	training
MDA5_vs_ARS	ARS-6	0	0.377172090475078	training
MDA5_vs_ARS	ARS-19	0	0.653652165939259	training
MDA5_vs_ARS	MDA5-14	1	0.463559150792386	training
MDA5_vs_ARS	ARS-27	0	0.157349787967797	training
MDA5_vs_ARS	MDA5-25	1	0.838188371923772	training
MDA5_vs_ARS	MDA5-39	1	0.779210814143406	training
MDA5_vs_ARS	ARS-32	0	0.335265349476794	training
MDA5_vs_ARS	MDA5-40	1	0.580472502338767	training
MDA5_vs_ARS	ARS-44	0	0.166779754815005	training
MDA5_vs_ARS	MDA5-45	1	0.735200551096308	training
MDA5_vs_ARS	ARS-50	0	0.133685515007482	training
MDA5_vs_ARS	MDA5-2	1	0.395887706159092	internal_test
MDA5_vs_ARS	MDA5-4	1	0.546112291316894	internal_test
MDA5_vs_ARS	MDA5-5	1	0.390608760200418	internal_test
MDA5_vs_ARS	ARS-2	0	0.650938538140741	internal_test
MDA5_vs_ARS	ARS-5	0	0.271651211930742	internal_test
MDA5_vs_ARS	ARS-10	0	0.458148513950338	internal_test
MDA5_vs_ARS	ARS-12	0	0.291086714271633	internal_test
MDA5_vs_ARS	MDA5-11	1	0.0248059758611644	internal_test
MDA5_vs_ARS	ARS-17	0	0.0499589943824414	internal_test
MDA5_vs_ARS	ARS-18	0	0.430360192906689	internal_test
MDA5_vs_ARS	MDA5-12	1	0.688586850526228	internal_test
MDA5_vs_ARS	MDA5-18	1	0.777079305274916	internal_test
MDA5_vs_ARS	ARS-21	0	0.0555645353334758	internal_test
MDA5_vs_ARS	MDA5-20	1	0.925674749053589	internal_test
MDA5_vs_ARS	ARS-24	0	0.570191715971689	internal_test
MDA5_vs_ARS	MDA5-24	1	0.73877721021971	internal_test
MDA5_vs_ARS	MDA5-26	1	0.624751777195763	internal_test
MDA5_vs_ARS	ARS-29	0	0.139703827517249	internal_test
MDA5_vs_ARS	ARS-30	0	0.27371472479177	internal_test
MDA5_vs_ARS	MDA5-27	1	0.873079953790039	internal_test
MDA5_vs_ARS	MDA5-28	1	0.825690062676506	internal_test
MDA5_vs_ARS	MDA5-38	1	0.890650795668206	internal_test
MDA5_vs_ARS	MDA5-43	1	0.720714972646956	internal_test
MDA5_vs_ARS	MDA5-44	1	0.963385664579007	internal_test
MDA5_vs_ARS	ARS-39	0	0.358892233188572	internal_test
MDA5_vs_ARS	ARS-41	0	0.107461443128389	internal_test
MDA5_vs_ARS	ARS-43	0	0.698528929600107	internal_test
MDA5_vs_ARS	ARS-46	0	0.00162763837539094	internal_test
MDA5_vs_ARS	ARS-48	0	0.751940825633111	internal_test
MDA5_vs_ARS	MDA5-46	1	0.770458506675041	internal_test
MDA5_vs_ARS	MDA5-51	1	0.731059347486583	internal_test
MDA5_vs_ARS	MDA5-53	1	0.160921470448935	internal_test
