comparison	feature_id	gene_symbol	panel_rank
MDA5_vs_HC	ENSG00000202569.4|73|MIR146B|miRNA	MIR146B	1
MDA5_vs_HC	ENSG00000253522.6|2377|MIR3142HG|lncRNA	MIR3142HG	2
MDA5_vs_HC	ENSG00000284567.1|110|MIR223|miRNA	MIR223	3
MDA5_vs_HC	ENSG00000230630.5|3195|DNM3OS|lncRNA	DNM3OS	4
ARS_vs_HC	ENSG00000181588.17|3114|MEX3D|protein_coding	MEX3D	1
ARS_vs_HC	ENSG00000235034.7|888|C19orf81|protein_coding	C19orf81	2
MDA5_vs_ARS	ENSG00000120738.8|3137|EGR1|protein_coding	EGR1	1
MDA5_vs_ARS	ENSG00000274641.2|467|H2BC17|protein_coding	H2BC17	2
MDA5_vs_ARS	ENSG00000169429.11|2239|CXCL8|protein_coding	CXCL8	3
MDA5_vs_ARS	ENSG00000142871.18|3698|CCN1|protein_coding	CCN1	4
MDA5_vs_ARS	ENSG00000205502.4|1581|C2CD4B|protein_coding	C2CD4B	5
MDA5_vs_ARS	ENSG00000013619.15|6664|MAMLD1|protein_coding	MAMLD1	6
